"Wk","Day","Date","Time","Home","xG","Score","xG.1","Away","Attendance","Venue","Referee","Match.Report","Notes"
1,"Fri","2019-08-09","20:45","Monaco",0.8,"0-3",0.8,"Lyon",10000,"Stade Louis II.","Ruddy Buquet","Match Report",""
1,"Sat","2019-08-10","17:30","Marseille",0.5,"0-2",1.5,"Reims",52887,"Orange Vélodrome","Jérôme Brisard","Match Report",""
1,"Sat","2019-08-10","20:00","Nice",1.7,"2-1",0.9,"Amiens",17719,"Stade de Nice","Jérémie Pignard","Match Report",""
1,"Sat","2019-08-10","20:00","Montpellier",2.1,"0-1",1.1,"Rennes",15212,"Stade de la Mosson","Willy Delajod","Match Report",""
1,"Sat","2019-08-10","20:00","Dijon",2.1,"1-2",1.2,"Saint-Étienne",14334,"Stade Gaston Gérard","Thomas Léonard","Match Report",""
1,"Sat","2019-08-10","20:00","Angers",1.4,"3-1",1,"Bordeaux",10749,"Stade Raymond Kopa","Hakim Ben El Hadj Salem","Match Report",""
1,"Sat","2019-08-10","20:00","Brest",1.7,"1-1",2,"Toulouse",14238,"Stade Francis-Le Blé","Olivier Thual","Match Report",""
1,"Sun","2019-08-11","15:00","Lille",1.5,"2-1",0.7,"Nantes",34494,"Stade Pierre-Mauroy","Mikael Lesage","Match Report",""
1,"Sun","2019-08-11","17:00","Strasbourg",1.3,"1-1",0.7,"Metz",25476,"Stade de la Meinau","Antony Gautier","Match Report",""
1,"Sun","2019-08-11","21:00","Paris S-G",3,"3-0",0.3,"Nîmes",47151,"Parc des Princes","Clément Turpin","Match Report",""
2,"Fri","2019-08-16","20:45","Lyon",1.3,"6-0",0.3,"Angers",49871,"Groupama Stadium","Benoît Millot","Match Report",""
2,"Sat","2019-08-17","17:30","Nantes",0.6,"0-0",1.1,"Marseille",34832,"Stade de la Beaujoire - Louis Fonteneau","Benoît Bastien","Match Report",""
2,"Sat","2019-08-17","20:00","Bordeaux",0.9,"1-1",0.5,"Montpellier",30192,"Stade Matmut-Atlantique","Franck Schneider","Match Report",""
2,"Sat","2019-08-17","20:00","Nîmes",1.2,"1-2",1.6,"Nice",13243,"Stade des Costières","François Letexier","Match Report",""
2,"Sat","2019-08-17","20:00","Metz",2.3,"3-0",0.8,"Monaco",19088,"Stade Saint-Symphorien","Eric Wattellier","Match Report",""
2,"Sat","2019-08-17","20:00","Amiens",1.3,"1-0",0.2,"Lille",12481,"Stade de la Licorne","Karim Abed","Match Report",""
2,"Sat","2019-08-17","20:00","Toulouse",1.9,"1-0",1.3,"Dijon",10583,"Stadium Municipal","Ruddy Buquet","Match Report",""
2,"Sun","2019-08-18","15:00","Saint-Étienne",1.7,"1-1",0.5,"Brest",28645,"Stade Geoffroy-Guichard","Johan Hamel","Match Report",""
2,"Sun","2019-08-18","17:00","Reims",0.4,"0-0",0.4,"Strasbourg",13714,"Stade Auguste-Delaune II","Florent Batta","Match Report",""
2,"Sun","2019-08-18","21:00","Rennes",0.8,"2-1",0.7,"Paris S-G",28596,"Roazhon Park","Antony Gautier","Match Report",""
3,"Sat","2019-08-24","20:00","Dijon",0.5,"0-2",0.6,"Bordeaux",12471,"Stade Gaston Gérard","François Letexier","Match Report",""
3,"Sat","2019-08-24","20:00","Amiens",0.4,"1-2",2.2,"Nantes",11393,"Stade de la Licorne","Jeremy Stinat","Match Report",""
3,"Sat","2019-08-24","20:00","Angers",1.4,"3-0",0.1,"Metz",9001,"Stade Raymond Kopa","Stéphanie Frappart","Match Report",""
3,"Sat","2019-08-24","20:00","Brest",0.6,"1-0",0.8,"Reims",13958,"Stade Francis-Le Blé","Hakim Ben El Hadj Salem","Match Report",""
3,"Sun","2019-08-25","15:00","Monaco",3,"2-2",1.3,"Nîmes",7438,"Stade Louis II.","Amaury Delerue","Match Report",""
3,"Sun","2019-08-25","17:00","Strasbourg",1.8,"0-2",0.4,"Rennes",24951,"Stade de la Meinau","Ruddy Buquet","Match Report",""
3,"Sun","2019-08-25","21:00","Paris S-G",3.5,"4-0",0.3,"Toulouse",47325,"Parc des Princes","Jérôme Brisard","Match Report",""
3,"Tue","2019-08-27","19:00","Montpellier",2,"1-0",0.8,"Lyon",19387,"Stade de la Mosson","Mikael Lesage","Match Report",""
3,"Wed","2019-08-28","19:00","Lille",2.5,"3-0",0.5,"Saint-Étienne",36138,"Stade Pierre-Mauroy","Olivier Thual","Match Report",""
3,"Wed","2019-08-28","21:00","Nice",1.5,"1-2",1.6,"Marseille",31825,"Stade de Nice","Clément Turpin","Match Report",""
4,"Fri","2019-08-30","20:45","Metz",0.4,"0-2",1.5,"Paris S-G",20685,"Stade Saint-Symphorien","Franck Schneider","Match Report",""
4,"Sat","2019-08-31","17:30","Lyon",0.8,"1-1",1.1,"Bordeaux",52327,"Groupama Stadium","Antony Gautier","Match Report",""
4,"Sat","2019-08-31","20:00","Angers",1,"2-0",0.7,"Dijon",8988,"Stade Raymond Kopa","Jérémie Pignard","Match Report",""
4,"Sat","2019-08-31","20:00","Toulouse",0.9,"2-0",0.4,"Amiens",10184,"Stadium Municipal","Florent Batta","Match Report",""
4,"Sat","2019-08-31","20:00","Nîmes",2.2,"3-0",0.9,"Brest",12488,"Stade des Costières","Thomas Léonard","Match Report",""
4,"Sat","2019-08-31","20:00","Nantes",0.7,"1-0",0.8,"Montpellier",18980,"Stade de la Beaujoire - Louis Fonteneau","Karim Abed","Match Report",""
4,"Sun","2019-09-01","15:00","Reims",1.9,"2-0",1.4,"Lille",14477,"Stade Auguste-Delaune II","Eric Wattellier","Match Report",""
4,"Sun","2019-09-01","15:00","Rennes",0.6,"1-2",1.9,"Nice",26721,"Roazhon Park","Johan Hamel","Match Report",""
4,"Sun","2019-09-01","17:00","Strasbourg",1.1,"2-2",3.1,"Monaco",24556,"Stade de la Meinau","Willy Delajod","Match Report",""
4,"Sun","2019-09-01","21:00","Marseille",0.8,"1-0",0.7,"Saint-Étienne",44074,"Orange Vélodrome","Benoît Millot","Match Report",""
5,"Fri","2019-09-13","19:00","Lille",1.4,"2-1",0.7,"Angers",32834,"Stade Pierre-Mauroy","Ruddy Buquet","Match Report",""
5,"Fri","2019-09-13","20:45","Amiens",0.6,"2-2",1.7,"Lyon",12577,"Stade de la Licorne","Benoît Bastien","Match Report",""
5,"Sat","2019-09-14","17:30","Paris S-G",0.9,"1-0",0.5,"Strasbourg",47505,"Parc des Princes","Amaury Delerue","Match Report",""
5,"Sat","2019-09-14","20:00","Bordeaux",1.1,"2-0",1,"Metz",14352,"Stade Matmut-Atlantique","Mikael Lesage","Match Report",""
5,"Sat","2019-09-14","20:00","Dijon",0.9,"0-0",0.5,"Nîmes",11413,"Stade Gaston Gérard","Stéphanie Frappart","Match Report",""
5,"Sat","2019-09-14","20:00","Montpellier",1.5,"2-1",1.2,"Nice",12765,"Stade de la Mosson","Olivier Thual","Match Report",""
5,"Sat","2019-09-14","20:00","Brest",0.4,"0-0",0.3,"Rennes",14937,"Stade Francis-Le Blé","Clément Turpin","Match Report",""
5,"Sun","2019-09-15","15:00","Nantes",0.4,"1-0",0.6,"Reims",18897,"Stade de la Beaujoire - Louis Fonteneau","Willy Delajod","Match Report",""
5,"Sun","2019-09-15","17:00","Saint-Étienne",1.4,"2-2",1.7,"Toulouse",24240,"Stade Geoffroy-Guichard","Jeremy Stinat","Match Report",""
5,"Sun","2019-09-15","21:00","Monaco",2.8,"3-4",1.9,"Marseille",9147,"Stade Louis II.","Antony Gautier","Match Report",""
6,"Fri","2019-09-20","20:45","Strasbourg",2.2,"2-1",0.6,"Nantes",24013,"Stade de la Meinau","Florent Batta","Match Report",""
6,"Sat","2019-09-21","17:30","Marseille",1.5,"1-1",0.1,"Montpellier",48007,"Orange Vélodrome","Amaury Delerue","Match Report",""
6,"Sat","2019-09-21","20:00","Metz",1.5,"1-2",1.5,"Amiens",15106,"Stade Saint-Symphorien","Hakim Ben El Hadj Salem","Match Report",""
6,"Sat","2019-09-21","20:00","Reims",1.8,"0-0",0.6,"Monaco",14426,"Stade Auguste-Delaune II","Olivier Thual","Match Report",""
6,"Sat","2019-09-21","20:00","Nîmes",1.5,"1-0",0.9,"Toulouse",12258,"Stade des Costières","Karim Abed","Match Report",""
6,"Sat","2019-09-21","20:00","Nice",1,"2-1",1.7,"Dijon",16255,"Stade de Nice","Willy Delajod","Match Report",""
6,"Sat","2019-09-21","20:00","Bordeaux",1.2,"2-2",1.4,"Brest",15213,"Stade Matmut-Atlantique","Benoît Millot","Match Report",""
6,"Sun","2019-09-22","15:00","Rennes",0.5,"1-1",1.3,"Lille",25772,"Roazhon Park","Jérôme Brisard","Match Report",""
6,"Sun","2019-09-22","17:00","Angers",1.6,"4-1",0.5,"Saint-Étienne",9831,"Stade Raymond Kopa","Franck Schneider","Match Report",""
6,"Sun","2019-09-22","21:00","Lyon",0.7,"0-1",1.9,"Paris S-G",54583,"Groupama Stadium","Ruddy Buquet","Match Report",""
7,"Tue","2019-09-24","19:00","Dijon",1.5,"0-0",1.1,"Marseille",15061,"Stade Gaston Gérard","Jeremy Stinat","Match Report",""
7,"Tue","2019-09-24","21:00","Monaco",2,"3-1",0.6,"Nice",9358,"Stade Louis II.","Mikael Lesage","Match Report",""
7,"Wed","2019-09-25","19:00","Saint-Étienne",0.9,"0-1",0.9,"Metz",19712,"Stade Geoffroy-Guichard","Eric Wattellier","Match Report",""
7,"Wed","2019-09-25","19:00","Lille",2.7,"2-0",0.5,"Strasbourg",30103,"Stade Pierre-Mauroy","Johan Hamel","Match Report",""
7,"Wed","2019-09-25","19:00","Amiens",1.6,"1-3",1,"Bordeaux",11367,"Stade de la Licorne","Willy Delajod","Match Report",""
7,"Wed","2019-09-25","19:00","Brest",0.6,"2-2",1.1,"Lyon",14472,"Stade Francis-Le Blé","Amaury Delerue","Match Report",""
7,"Wed","2019-09-25","19:00","Nantes",1.3,"1-0",1.2,"Rennes",26952,"Stade de la Beaujoire - Louis Fonteneau","Antony Gautier","Match Report",""
7,"Wed","2019-09-25","19:00","Toulouse",0.2,"0-2",1.7,"Angers",10177,"Stadium Municipal","Olivier Thual","Match Report",""
7,"Wed","2019-09-25","19:00","Montpellier",0.7,"1-0",1,"Nîmes",16445,"Stade de la Mosson","Benoît Bastien","Match Report",""
7,"Wed","2019-09-25","21:00","Paris S-G",0.5,"0-2",1,"Reims",47376,"Parc des Princes","François Letexier","Match Report",""
8,"Sat","2019-09-28","13:30","Lyon",1.4,"0-1",0.4,"Nantes",46647,"Groupama Stadium","Benoît Millot","Match Report",""
8,"Sat","2019-09-28","17:30","Bordeaux",0.1,"0-1",3.1,"Paris S-G",39215,"Stade Matmut-Atlantique","Jérôme Brisard","Match Report",""
8,"Sat","2019-09-28","20:00","Nice",0.9,"1-1",1.4,"Lille",18295,"Stade de Nice","Clément Turpin","Match Report",""
8,"Sat","2019-09-28","20:00","Angers",0.9,"1-1",0.9,"Amiens",9331,"Stade Raymond Kopa","Karim Abed","Match Report",""
8,"Sat","2019-09-28","20:00","Monaco",3.9,"4-1",0.6,"Brest",4576,"Stade Louis II.","Ruddy Buquet","Match Report",""
8,"Sat","2019-09-28","20:00","Reims",1.7,"1-2",1.6,"Dijon",11033,"Stade Auguste-Delaune II","Jérémie Pignard","Match Report",""
8,"Sat","2019-09-28","20:00","Metz",1.6,"2-2",0.9,"Toulouse",15054,"Stade Saint-Symphorien","Florent Batta","Match Report",""
8,"Sun","2019-09-29","15:00","Strasbourg",0.5,"1-0",1.5,"Montpellier",25010,"Stade de la Meinau","Hakim Ben El Hadj Salem","Match Report",""
8,"Sun","2019-09-29","17:00","Nîmes",1.7,"0-1",0.9,"Saint-Étienne",13802,"Stade des Costières","Thomas Léonard","Match Report",""
8,"Sun","2019-09-29","21:00","Marseille",0.8,"1-1",1,"Rennes",44281,"Orange Vélodrome","Franck Schneider","Match Report",""
9,"Fri","2019-10-04","20:45","Amiens",2.2,"3-1",0.4,"Marseille",12737,"Stade de la Licorne","Johan Hamel","Match Report",""
9,"Sat","2019-10-05","17:30","Paris S-G",3,"4-0",0.6,"Angers",47700,"Parc des Princes","Willy Delajod","Match Report",""
9,"Sat","2019-10-05","20:00","Montpellier",2.4,"3-1",1.3,"Monaco",15532,"Stade de la Mosson","François Letexier","Match Report",""
9,"Sat","2019-10-05","20:00","Nantes",1.8,"1-0",0.4,"Nice",15532,"Stade de la Beaujoire - Louis Fonteneau","Amaury Delerue","Match Report",""
9,"Sat","2019-10-05","20:00","Brest",0.7,"2-0",0.5,"Metz",12682,"Stade Francis-Le Blé","Antony Gautier","Match Report",""
9,"Sat","2019-10-05","20:00","Dijon",1.1,"1-0",1,"Strasbourg",12124,"Stade Gaston Gérard","Olivier Thual","Match Report",""
9,"Sat","2019-10-05","20:00","Toulouse",0.8,"1-3",0.8,"Bordeaux",20084,"Stadium Municipal","Benoît Bastien","Match Report",""
9,"Sun","2019-10-06","15:00","Lille",2.8,"2-2",1.5,"Nîmes",31542,"Stade Pierre-Mauroy","Mikael Lesage","Match Report",""
9,"Sun","2019-10-06","17:00","Rennes",1.3,"0-1",1.1,"Reims",20950,"Roazhon Park","Stéphanie Frappart","Match Report",""
9,"Sun","2019-10-06","21:00","Saint-Étienne",0.5,"1-0",0.5,"Lyon",34071,"Stade Geoffroy-Guichard","Clément Turpin","Match Report",""
10,"Fri","2019-10-18","20:45","Nice",1.2,"1-4",3.3,"Paris S-G",32705,"Stade de Nice","François Letexier","Match Report",""
10,"Sat","2019-10-19","17:30","Lyon",2.4,"0-0",0.6,"Dijon",48454,"Groupama Stadium","Franck Schneider","Match Report",""
10,"Sat","2019-10-19","20:00","Angers",1.8,"0-1",0.2,"Brest",10369,"Stade Raymond Kopa","Eric Wattellier","Match Report",""
10,"Sat","2019-10-19","20:00","Toulouse",2.8,"2-1",0.8,"Lille",12277,"Stadium Municipal","Stéphanie Frappart","Match Report",""
10,"Sat","2019-10-19","20:00","Reims",0.7,"1-0",0.6,"Montpellier",12187,"Stade Auguste-Delaune II","Florent Batta","Match Report",""
10,"Sat","2019-10-19","20:00","Metz",1.1,"1-0",0.4,"Nantes",16533,"Stade Saint-Symphorien","Jérémie Pignard","Match Report",""
10,"Sat","2019-10-19","20:00","Nîmes",0.6,"1-1",1.4,"Amiens",12189,"Stade des Costières","Jeremy Stinat","Match Report",""
10,"Sun","2019-10-20","15:00","Bordeaux",0.9,"0-1",0.9,"Saint-Étienne",25952,"Stade Matmut-Atlantique","Ruddy Buquet","Match Report",""
10,"Sun","2019-10-20","17:00","Monaco",1.7,"3-2",1.8,"Rennes",6763,"Stade Louis II.","Jérôme Brisard","Match Report",""
10,"Sun","2019-10-20","21:00","Marseille",1.4,"2-0",0.4,"Strasbourg",50203,"Orange Vélodrome","Hakim Ben El Hadj Salem","Match Report",""
11,"Fri","2019-10-25","20:45","Nantes",1.6,"0-1",0.8,"Monaco",30656,"Stade de la Beaujoire - Louis Fonteneau","Thomas Léonard","Match Report",""
11,"Sat","2019-10-26","17:30","Lille",1.6,"3-0",0.3,"Bordeaux",35925,"Stade Pierre-Mauroy","Willy Delajod","Match Report",""
11,"Sat","2019-10-26","20:00","Lyon",1.7,"2-0",0.7,"Metz",48889,"Groupama Stadium","Johan Hamel","Match Report",""
11,"Sat","2019-10-26","20:00","Brest",1.5,"2-0",1.3,"Dijon",14232,"Stade Francis-Le Blé","Jérémie Pignard","Match Report",""
11,"Sat","2019-10-26","20:00","Strasbourg",1.9,"1-0",0.6,"Nice",25007,"Stade de la Meinau","Mikael Lesage","Match Report",""
11,"Sat","2019-10-26","20:00","Reims",0.6,"0-0",0.5,"Nîmes",12329,"Stade Auguste-Delaune II","Clément Turpin","Match Report",""
11,"Sat","2019-10-26","20:00","Montpellier",1,"0-0",0.8,"Angers",12678,"Stade de la Mosson","Benoît Millot","Match Report",""
11,"Sun","2019-10-27","15:00","Rennes",1.5,"3-2",1.4,"Toulouse",22918,"Roazhon Park","Antony Gautier","Match Report",""
11,"Sun","2019-10-27","17:00","Saint-Étienne",0.8,"2-2",1.8,"Amiens",18877,"Stade Geoffroy-Guichard","Amaury Delerue","Match Report",""
11,"Sun","2019-10-27","21:00","Paris S-G",3.3,"4-0",0.9,"Marseille",47926,"Parc des Princes","Benoît Bastien","Match Report",""
12,"Fri","2019-11-01","20:45","Dijon",0.8,"2-1",2.6,"Paris S-G",14859,"Stade Gaston Gérard","Ruddy Buquet","Match Report",""
12,"Sat","2019-11-02","17:30","Marseille",0.9,"2-1",0.5,"Lille",53321,"Orange Vélodrome","Hakim Ben El Hadj Salem","Match Report",""
12,"Sat","2019-11-02","20:00","Amiens",1.3,"1-0",1.1,"Brest",12246,"Stade de la Licorne","Franck Schneider","Match Report",""
12,"Sat","2019-11-02","20:00","Toulouse",1.2,"2-3",2.6,"Lyon",16225,"Stadium Municipal","Karim Abed","Match Report",""
12,"Sat","2019-11-02","20:00","Metz",1.7,"2-2",0.9,"Montpellier",14644,"Stade Saint-Symphorien","Stéphanie Frappart","Match Report",""
12,"Sat","2019-11-02","20:00","Angers",1.2,"1-0",1.3,"Strasbourg",9681,"Stade Raymond Kopa","Florent Batta","Match Report",""
12,"Sun","2019-11-03","15:00","Bordeaux",1.2,"2-0",0.7,"Nantes",19545,"Stade Matmut-Atlantique","François Letexier","Match Report",""
12,"Sun","2019-11-03","17:00","Nice",1.1,"2-0",0.7,"Reims",15468,"Stade de Nice","Jeremy Stinat","Match Report",""
12,"Sun","2019-11-03","21:00","Saint-Étienne",1.5,"1-0",1.1,"Monaco",15685,"Stade Geoffroy-Guichard","Jérôme Brisard","Match Report",""
13,"Fri","2019-11-08","20:45","Nice",1.1,"1-1",1.7,"Bordeaux",16173,"Stade de Nice","Johan Hamel","Match Report",""
13,"Sat","2019-11-09","17:30","Brest",1,"1-2",2,"Paris S-G",15144,"Stade Francis-Le Blé","Mikael Lesage","Match Report",""
13,"Sat","2019-11-09","20:00","Reims",0.4,"0-0",0.8,"Angers",10876,"Stade Auguste-Delaune II","Hakim Ben El Hadj Salem","Match Report",""
13,"Sat","2019-11-09","20:00","Strasbourg",3.8,"4-1",0.7,"Nîmes",24745,"Stade de la Meinau","Ruddy Buquet","Match Report",""
13,"Sat","2019-11-09","20:00","Monaco",2.4,"1-0",1.4,"Dijon",5223,"Stade Louis II.","Eric Wattellier","Match Report",""
13,"Sat","2019-11-09","20:00","Lille",1.5,"0-0",0.1,"Metz",33425,"Stade Pierre-Mauroy","Florent Batta","Match Report",""
13,"Sun","2019-11-10","15:00","Rennes",2.7,"3-1",1.1,"Amiens",20677,"Roazhon Park","Benoît Bastien","Match Report",""
13,"Sun","2019-11-10","17:00","Nantes",0.7,"2-3",0.6,"Saint-Étienne",34191,"Stade de la Beaujoire - Louis Fonteneau","Clément Turpin","Match Report",""
13,"Sun","2019-11-10","17:00","Montpellier",1.2,"3-0",0.4,"Toulouse",12734,"Stade de la Mosson","Thomas Léonard","Match Report",""
13,"Sun","2019-11-10","21:00","Marseille",1.2,"2-1",1.2,"Lyon",65421,"Orange Vélodrome","Antony Gautier","Match Report",""
14,"Fri","2019-11-22","20:45","Paris S-G",2.4,"2-0",0.8,"Lille",47476,"Parc des Princes","Willy Delajod","Match Report",""
14,"Sat","2019-11-23","17:30","Lyon",1.3,"2-1",1.4,"Nice",49401,"Groupama Stadium","Amaury Delerue","Match Report",""
14,"Sat","2019-11-23","20:00","Amiens",0.3,"0-4",2,"Strasbourg",10358,"Stade de la Licorne","Alain Bieri","Match Report",""
14,"Sat","2019-11-23","20:00","Dijon",1,"2-1",1.2,"Rennes",12084,"Stade Gaston Gérard","Jérôme Brisard","Match Report",""
14,"Sat","2019-11-23","20:00","Brest",1.3,"1-1",0.8,"Nantes",14232,"Stade Francis-Le Blé","Ruddy Buquet","Match Report",""
14,"Sat","2019-11-23","20:00","Metz",1,"1-1",1.5,"Reims",14445,"Stade Saint-Symphorien","Antony Gautier","Match Report",""
14,"Sat","2019-11-23","20:00","Angers",1.8,"1-0",0.9,"Nîmes",8714,"Stade Raymond Kopa","Thomas Léonard","Match Report",""
14,"Sun","2019-11-24","15:00","Bordeaux",2.2,"2-1",0.9,"Monaco",34554,"Stade Matmut-Atlantique","Benoît Millot","Match Report",""
14,"Sun","2019-11-24","17:00","Saint-Étienne",0.9,"0-0",1,"Montpellier",24336,"Stade Geoffroy-Guichard","Franck Schneider","Match Report",""
14,"Sun","2019-11-24","21:00","Toulouse",0.7,"0-2",2.1,"Marseille",23002,"Stadium Municipal","François Letexier","Match Report",""
15,"Fri","2019-11-29","20:45","Marseille",4,"2-1",0.8,"Brest",50014,"Orange Vélodrome","Johan Hamel","Match Report",""
15,"Sat","2019-11-30","17:30","Strasbourg",0.5,"1-2",0.7,"Lyon",25455,"Stade de la Meinau","Mikael Lesage","Match Report",""
15,"Sat","2019-11-30","20:00","Nice",1.5,"3-1",0.6,"Angers",15814,"Stade de Nice","Antony Gautier","Match Report",""
15,"Sat","2019-11-30","20:00","Reims",1.1,"1-1",0.3,"Bordeaux",12949,"Stade Auguste-Delaune II","Jérôme Brisard","Match Report",""
15,"Sat","2019-11-30","20:00","Lille",2,"1-0",0.9,"Dijon",40074,"Stade Pierre-Mauroy","Jeremy Stinat","Match Report",""
15,"Sat","2019-11-30","20:00","Montpellier",1.1,"4-2",0.9,"Amiens",11744,"Stade de la Mosson","Jérémie Pignard","Match Report",""
15,"Sat","2019-11-30","20:00","Nîmes",0.9,"1-1",0.8,"Metz",12180,"Stade des Costières","Hakim Ben El Hadj Salem","Match Report",""
15,"Sun","2019-12-01","15:00","Nantes",2.5,"2-1",1,"Toulouse",13751,"Stade de la Beaujoire - Louis Fonteneau","Florent Batta","Match Report",""
15,"Sun","2019-12-01","17:00","Rennes",1.3,"2-1",0.4,"Saint-Étienne",26738,"Roazhon Park","Eric Wattellier","Match Report",""
16,"Tue","2019-12-03","19:00","Brest",2,"5-0",0.7,"Strasbourg",12437,"Stade Francis-Le Blé","Jérôme Brisard","Match Report",""
16,"Tue","2019-12-03","19:00","Bordeaux",2.5,"6-0",0.2,"Nîmes",12419,"Stade Matmut-Atlantique","Clément Turpin","Match Report",""
16,"Tue","2019-12-03","19:00","Angers",0.5,"0-2",2.1,"Marseille",12455,"Stade Raymond Kopa","Franck Schneider","Match Report",""
16,"Tue","2019-12-03","21:05","Lyon",0.8,"0-1",0.7,"Lille",42535,"Groupama Stadium","Ruddy Buquet","Match Report",""
16,"Wed","2019-12-04","19:00","Toulouse",1.8,"1-2",3.4,"Monaco",13030,"Stadium Municipal","Willy Delajod","Match Report",""
16,"Wed","2019-12-04","19:00","Metz",0.9,"0-1",0.8,"Rennes",14214,"Stade Saint-Symphorien","Karim Abed","Match Report",""
16,"Wed","2019-12-04","19:00","Saint-Étienne",3.3,"4-1",1.4,"Nice",20138,"Stade Geoffroy-Guichard","Thomas Léonard","Match Report",""
16,"Wed","2019-12-04","19:00","Dijon",1.5,"2-2",1.4,"Montpellier",11926,"Stade Gaston Gérard","François Letexier","Match Report",""
16,"Wed","2019-12-04","21:05","Paris S-G",2.8,"2-0",0.4,"Nantes",47485,"Parc des Princes","Amaury Delerue","Match Report",""
17,"Fri","2019-12-06","19:00","Lille",1.9,"1-0",0.4,"Brest",32682,"Stade Pierre-Mauroy","Eric Wattellier","Match Report",""
17,"Fri","2019-12-06","20:45","Nîmes",0.3,"0-4",2.8,"Lyon",12801,"Stade des Costières","Olivier Thual","Match Report",""
17,"Sat","2019-12-07","17:30","Montpellier",0.3,"1-3",1.1,"Paris S-G",20197,"Stade de la Mosson","Antony Gautier","Match Report",""
17,"Sat","2019-12-07","20:00","Monaco",2.2,"3-0",0.3,"Amiens",4203,"Stade Louis II.","Jeremy Stinat","Match Report",""
17,"Sat","2019-12-07","20:00","Rennes",1.7,"2-1",1,"Angers",25656,"Roazhon Park","Amaury Delerue","Match Report",""
17,"Sat","2019-12-07","20:00","Strasbourg",2.1,"4-2",1.4,"Toulouse",23634,"Stade de la Meinau","Johan Hamel","Match Report",""
17,"Sat","2019-12-07","20:00","Nice",2.1,"4-1",1.4,"Metz",14967,"Stade de Nice","Jérémie Pignard","Match Report",""
17,"Sun","2019-12-08","15:00","Reims",0.9,"3-1",0.6,"Saint-Étienne",14512,"Stade Auguste-Delaune II","Stéphanie Frappart","Match Report",""
17,"Sun","2019-12-08","17:00","Nantes",1.3,"1-0",0.3,"Dijon",16001,"Stade de la Beaujoire - Louis Fonteneau","Hakim Ben El Hadj Salem","Match Report",""
17,"Sun","2019-12-08","21:00","Marseille",1.5,"3-1",0.1,"Bordeaux",52079,"Orange Vélodrome","Mikael Lesage","Match Report",""
18,"Fri","2019-12-13","20:45","Lille",1.9,"2-1",1.4,"Montpellier",30170,"Stade Pierre-Mauroy","Jérôme Brisard","Match Report",""
18,"Sat","2019-12-14","17:30","Metz",1.1,"1-1",1.2,"Marseille",20586,"Stade Saint-Symphorien","Willy Delajod","Match Report",""
18,"Sat","2019-12-14","20:00","Amiens",0.5,"1-1",0.5,"Dijon",10530,"Stade de la Licorne","Thomas Léonard","Match Report",""
18,"Sat","2019-12-14","20:00","Angers",1.1,"0-0",0.5,"Monaco",9959,"Stade Raymond Kopa","Hakim Ben El Hadj Salem","Match Report",""
18,"Sat","2019-12-14","20:00","Toulouse",0.4,"0-1",1.2,"Reims",12577,"Stadium Municipal","Clément Turpin","Match Report",""
18,"Sat","2019-12-14","20:00","Brest",1.9,"0-0",0.9,"Nice",13042,"Stade Francis-Le Blé","Franck Schneider","Match Report",""
18,"Sat","2019-12-14","20:00","Nîmes",1,"0-1",1.6,"Nantes",12098,"Stade des Costières","Karim Abed","Match Report",""
18,"Sun","2019-12-15","15:00","Bordeaux",1.4,"0-1",0.8,"Strasbourg",18710,"Stade Matmut-Atlantique","Florent Batta","Match Report",""
18,"Sun","2019-12-15","17:00","Lyon",0.5,"0-1",1.8,"Rennes",45010,"Groupama Stadium","Benoît Bastien","Match Report",""
18,"Sun","2019-12-15","21:00","Saint-Étienne",1,"0-4",3.8,"Paris S-G",36391,"Stade Geoffroy-Guichard","Ruddy Buquet","Match Report",""
19,"Sat","2019-12-21","20:45","Nantes",0.4,"1-2",1.1,"Angers",29807,"Stade de la Beaujoire - Louis Fonteneau","Jérémie Pignard","Match Report",""
19,"Sat","2019-12-21","20:45","Paris S-G",4.1,"4-1",0.6,"Amiens",47693,"Parc des Princes","Eric Wattellier","Match Report",""
19,"Sat","2019-12-21","20:45","Monaco",2.2,"5-1",0.5,"Lille",5388,"Stade Louis II.","Mikael Lesage","Match Report",""
19,"Sat","2019-12-21","20:45","Montpellier",1.9,"4-0",0.8,"Brest",12975,"Stade de la Mosson","Jeremy Stinat","Match Report",""
19,"Sat","2019-12-21","20:45","Dijon",0.8,"2-2",1.6,"Metz",12309,"Stade Gaston Gérard","Johan Hamel","Match Report",""
19,"Sat","2019-12-21","20:45","Strasbourg",0.9,"2-1",1.6,"Saint-Étienne",25471,"Stade de la Meinau","Olivier Thual","Match Report",""
19,"Sat","2019-12-21","20:45","Rennes",1.2,"1-0",0.5,"Bordeaux",26403,"Roazhon Park","Thomas Léonard","Match Report",""
19,"Sat","2019-12-21","20:45","Reims",1.3,"1-1",1.5,"Lyon",17257,"Stade Auguste-Delaune II","Amaury Delerue","Match Report",""
19,"Sat","2019-12-21","20:45","Marseille",1.9,"3-1",0.8,"Nîmes",59043,"Orange Vélodrome","François Letexier","Match Report",""
19,"Sat","2019-12-21","20:45","Nice",1.8,"3-0",0.3,"Toulouse",17945,"Stade de Nice","Stéphanie Frappart","Match Report",""
20,"Fri","2020-01-10","20:45","Rennes",0.6,"0-1",0.8,"Marseille",28896,"Roazhon Park","Benoît Millot","Match Report",""
20,"Sat","2020-01-11","17:30","Bordeaux",0.8,"1-2",2.4,"Lyon",28737,"Stade Matmut-Atlantique","Clément Turpin","Match Report",""
20,"Sat","2020-01-11","20:00","Metz",1,"1-0",1.5,"Strasbourg",18079,"Stade Saint-Symphorien","Jérôme Brisard","Match Report",""
20,"Sat","2020-01-11","20:00","Toulouse",1,"2-5",1.4,"Brest",13666,"Stadium Municipal","Hakim Ben El Hadj Salem","Match Report",""
20,"Sat","2020-01-11","20:00","Nîmes",1.6,"2-0",0.2,"Reims",11867,"Stade des Costières","Olivier Thual","Match Report",""
20,"Sat","2020-01-11","20:00","Amiens",0.8,"1-2",0.9,"Montpellier",10205,"Stade de la Licorne","Karim Abed","Match Report",""
20,"Sat","2020-01-11","20:00","Angers",1.1,"1-1",1.1,"Nice",9105,"Stade Raymond Kopa","Willy Delajod","Match Report",""
20,"Sun","2020-01-12","15:00","Saint-Étienne",0.7,"0-2",0.7,"Nantes",NA,"Stade Geoffroy-Guichard","Benoît Bastien","Match Report",""
20,"Sun","2020-01-12","17:00","Dijon",1.2,"1-0",1,"Lille",12115,"Stade Gaston Gérard","Franck Schneider","Match Report",""
20,"Sun","2020-01-12","21:00","Paris S-G",2.4,"3-3",2.6,"Monaco",47580,"Parc des Princes","Antony Gautier","Match Report",""
12,"Wed","2020-01-15","19:00","Nîmes",0.3,"0-1",0.8,"Rennes",12388,"Stade des Costières","Willy Delajod","Match Report",""
16,"Wed","2020-01-15","19:00","Amiens",1,"1-1",0.3,"Reims",10712,"Stade de la Licorne","Johan Hamel","Match Report",""
15,"Wed","2020-01-15","21:00","Monaco",1,"1-4",3.2,"Paris S-G",11214,"Stade Louis II.","François Letexier","Match Report",""
21,"Fri","2020-01-24","20:45","Nice",2.6,"1-1",2.3,"Rennes",15199,"Stade de Nice","Hakim Ben El Hadj Salem","Match Report",""
21,"Sat","2020-01-25","17:30","Marseille",0.4,"0-0",0.2,"Angers",55761,"Orange Vélodrome","Johan Hamel","Match Report",""
21,"Sat","2020-01-25","20:00","Reims",0.5,"0-1",0.9,"Metz",11818,"Stade Auguste-Delaune II","Jérémie Pignard","Match Report",""
21,"Sat","2020-01-25","20:00","Brest",1,"2-1",1.1,"Amiens",12866,"Stade Francis-Le Blé","Thomas Léonard","Match Report",""
21,"Sat","2020-01-25","20:00","Monaco",0.9,"1-3",1.2,"Strasbourg",4800,"Stade Louis II.","Eric Wattellier","Match Report",""
21,"Sat","2020-01-25","20:00","Montpellier",2,"2-1",0.5,"Dijon",11129,"Stade de la Mosson","Jérôme Miguelgorry","Match Report",""
21,"Sat","2020-01-25","20:00","Saint-Étienne",2,"2-1",0.7,"Nîmes",23927,"Stade Geoffroy-Guichard","Jeremy Stinat","Match Report",""
21,"Sun","2020-01-26","15:00","Lyon",1.2,"3-0",0.4,"Toulouse",42582,"Groupama Stadium","Antony Gautier","Match Report",""
21,"Sun","2020-01-26","17:00","Nantes",0.2,"0-1",0.9,"Bordeaux",29839,"Stade de la Beaujoire - Louis Fonteneau","Karim Abed","Match Report",""
21,"Sun","2020-01-26","21:00","Lille",0.6,"0-2",2.1,"Paris S-G",49132,"Stade Pierre-Mauroy","Amaury Delerue","Match Report",""
22,"Fri","2020-01-31","20:45","Rennes",2.4,"3-2",0.8,"Nantes",27836,"Roazhon Park","Benoît Millot","Match Report",""
22,"Sat","2020-02-01","17:30","Paris S-G",2.6,"5-0",0.2,"Montpellier",47701,"Parc des Princes","Jérôme Brisard","Match Report",""
22,"Sat","2020-02-01","20:00","Strasbourg",1.6,"1-2",1.3,"Lille",25139,"Stade de la Meinau","Stéphanie Frappart","Match Report",""
22,"Sat","2020-02-01","20:00","Nîmes",2,"3-1",0.7,"Monaco",12580,"Stade des Costières","Mikael Lesage","Match Report",""
22,"Sat","2020-02-01","20:00","Amiens",0.4,"0-0",0.4,"Toulouse",10992,"Stade de la Licorne","François Letexier","Match Report",""
22,"Sat","2020-02-01","20:00","Dijon",0.9,"3-0",1.4,"Brest",11212,"Stade Gaston Gérard","Olivier Thual","Match Report",""
22,"Sat","2020-02-01","20:00","Angers",1.1,"1-4",1.4,"Reims",8467,"Stade Raymond Kopa","Amaury Delerue","Match Report",""
22,"Sun","2020-02-02","15:00","Nice",1.5,"2-1",1.2,"Lyon",23553,"Stade de Nice","Benoît Bastien","Match Report",""
22,"Sun","2020-02-02","17:00","Metz",0.8,"3-1",1.7,"Saint-Étienne",15636,"Stade Saint-Symphorien","Antony Gautier","Match Report",""
22,"Sun","2020-02-02","21:00","Bordeaux",1,"0-0",0.5,"Marseille",36196,"Stade Matmut-Atlantique","Ruddy Buquet","Match Report",""
23,"Tue","2020-02-04","19:00","Lille",0.7,"1-0",0.3,"Rennes",35030,"Stade Pierre-Mauroy","Johan Hamel","Match Report",""
23,"Tue","2020-02-04","19:00","Monaco",0.4,"1-0",1,"Angers",3585,"Stade Louis II.","Jeremy Stinat","Match Report",""
23,"Tue","2020-02-04","21:05","Nantes",2.6,"1-2",3.3,"Paris S-G",34307,"Stade de la Beaujoire - Louis Fonteneau","Franck Schneider","Match Report",""
23,"Wed","2020-02-05","19:00","Lyon",0.3,"0-0",0.3,"Amiens",36670,"Groupama Stadium","Jérôme Miguelgorry","Match Report",""
23,"Wed","2020-02-05","19:00","Brest",1.8,"1-1",1.1,"Bordeaux",13034,"Stade Francis-Le Blé","Willy Delajod","Match Report",""
23,"Wed","2020-02-05","19:00","Nîmes",1.9,"2-0",0.6,"Dijon",11705,"Stade des Costières","Florent Batta","Match Report",""
23,"Wed","2020-02-05","19:00","Montpellier",0.4,"1-1",1.6,"Metz",10786,"Stade de la Mosson","Hakim Ben El Hadj Salem","Match Report",""
23,"Wed","2020-02-05","19:00","Toulouse",0.8,"0-1",1.2,"Strasbourg",16596,"Stadium Municipal","Karim Abed","Match Report",""
23,"Wed","2020-02-05","19:00","Reims",1.2,"1-1",0.9,"Nice",11384,"Stade Auguste-Delaune II","Eric Wattellier","Match Report",""
23,"Wed","2020-02-05","21:00","Saint-Étienne",0.4,"0-2",0.3,"Marseille",29074,"Stade Geoffroy-Guichard","Jérôme Brisard","Match Report",""
24,"Fri","2020-02-07","20:45","Angers",0.5,"0-2",1.7,"Lille",9145,"Stade Raymond Kopa","Benoît Bastien","Match Report",""
24,"Sat","2020-02-08","17:30","Marseille",0.9,"1-0",1.4,"Toulouse",53995,"Orange Vélodrome","Stéphanie Frappart","Match Report",""
24,"Sat","2020-02-08","20:00","Rennes",0.8,"0-0",0.7,"Brest",28436,"Roazhon Park","Ruddy Buquet","Match Report",""
24,"Sat","2020-02-08","20:00","Dijon",1.4,"3-3",0.6,"Nantes",11780,"Stade Gaston Gérard","Jérémie Pignard","Match Report",""
24,"Sat","2020-02-08","20:00","Nice",1,"1-3",1.2,"Nîmes",15603,"Stade de Nice","Antony Gautier","Match Report",""
24,"Sat","2020-02-08","20:00","Amiens",0.4,"1-2",1.5,"Monaco",11683,"Stade de la Licorne","Olivier Thual","Match Report",""
24,"Sat","2020-02-08","20:00","Metz",0.7,"1-2",1.9,"Bordeaux",15054,"Stade Saint-Symphorien","François Letexier","Match Report",""
24,"Sun","2020-02-09","15:00","Montpellier",0.6,"1-0",1.2,"Saint-Étienne",14669,"Stade de la Mosson","Amaury Delerue","Match Report",""
24,"Sun","2020-02-09","17:00","Strasbourg",3,"3-0",0.3,"Reims",25241,"Stade de la Meinau","Thomas Léonard","Match Report",""
24,"Sun","2020-02-09","21:00","Paris S-G",1.7,"4-2",1.1,"Lyon",47000,"Parc des Princes","Clément Turpin","Match Report",""
25,"Fri","2020-02-14","20:45","Monaco",2.2,"1-0",1.1,"Montpellier",4384,"Stade Louis II.","Ruddy Buquet","Match Report",""
25,"Sat","2020-02-15","17:30","Amiens",1.5,"4-4",2.8,"Paris S-G",12964,"Stade de la Licorne","Hakim Ben El Hadj Salem","Match Report",""
25,"Sat","2020-02-15","20:00","Nîmes",1.3,"1-0",0.6,"Angers",12417,"Stade des Costières","Karim Abed","Match Report",""
25,"Sat","2020-02-15","20:00","Toulouse",2.3,"0-2",1,"Nice",12903,"Stadium Municipal","Jérôme Miguelgorry","Match Report",""
25,"Sat","2020-02-15","20:00","Bordeaux",1.2,"2-2",1,"Dijon",13701,"Stade Matmut-Atlantique","Mikael Lesage","Match Report",""
25,"Sat","2020-02-15","20:00","Nantes",1.3,"0-0",0.2,"Metz",20444,"Stade de la Beaujoire - Louis Fonteneau","Jeremy Stinat","Match Report",""
25,"Sun","2020-02-16","15:00","Lyon",1.1,"1-1",1.2,"Strasbourg",45141,"Groupama Stadium","Johan Hamel","Match Report",""
25,"Sun","2020-02-16","17:00","Reims",1.4,"1-0",0.2,"Rennes",13026,"Stade Auguste-Delaune II","Florent Batta","Match Report",""
25,"Sun","2020-02-16","17:00","Brest",1.8,"3-2",1.3,"Saint-Étienne",13399,"Stade Francis-Le Blé","Eric Wattellier","Match Report",""
25,"Sun","2020-02-16","21:00","Lille",1.1,"1-2",1.4,"Marseille",47314,"Stade Pierre-Mauroy","Franck Schneider","Match Report",""
26,"Fri","2020-02-21","19:00","Nice",1.5,"2-2",0.8,"Brest",15856,"Stade de Nice","Jérémie Pignard","Match Report",""
26,"Fri","2020-02-21","20:45","Metz",0.2,"0-2",1.9,"Lyon",18247,"Stade Saint-Symphorien","Eric Wattellier","Match Report",""
26,"Sat","2020-02-22","17:30","Marseille",0.8,"1-3",0.7,"Nantes",60430,"Orange Vélodrome","Jérôme Miguelgorry","Match Report",""
26,"Sat","2020-02-22","20:00","Lille",2.5,"3-0",0.6,"Toulouse",37034,"Stade Pierre-Mauroy","Thomas Léonard","Match Report",""
26,"Sat","2020-02-22","20:00","Angers",1.2,"1-0",1,"Montpellier",9453,"Stade Raymond Kopa","Antony Gautier","Match Report",""
26,"Sat","2020-02-22","20:00","Dijon",1.7,"1-1",2.3,"Monaco",13657,"Stade Gaston Gérard","François Letexier","Match Report",""
26,"Sat","2020-02-22","20:00","Strasbourg",0.8,"0-0",0,"Amiens",26109,"Stade de la Meinau","Amaury Delerue","Match Report",""
26,"Sun","2020-02-23","15:00","Saint-Étienne",0.4,"1-1",1.1,"Reims",24868,"Stade Geoffroy-Guichard","Benoît Bastien","Match Report",""
26,"Sun","2020-02-23","17:00","Rennes",2.8,"2-1",0.4,"Nîmes",28084,"Roazhon Park","Stéphanie Frappart","Match Report",""
26,"Sun","2020-02-23","21:00","Paris S-G",4.1,"4-3",1.5,"Bordeaux",47771,"Parc des Princes","Willy Delajod","Match Report",""
27,"Fri","2020-02-28","20:45","Nîmes",1.7,"2-3",2,"Marseille",13755,"Stade des Costières","Clément Turpin","Match Report",""
27,"Sat","2020-02-29","17:30","Paris S-G",5,"4-0",0.3,"Dijon",47542,"Parc des Princes","Karim Abed","Match Report",""
27,"Sat","2020-02-29","20:00","Montpellier",2.8,"3-0",0.9,"Strasbourg",11799,"Stade de la Mosson","Mikael Lesage","Match Report",""
27,"Sat","2020-02-29","20:00","Monaco",2.1,"1-1",0.9,"Reims",4237,"Stade Louis II.","Hakim Ben El Hadj Salem","Match Report",""
27,"Sat","2020-02-29","20:00","Brest",1,"0-1",0.3,"Angers",13313,"Stade Francis-Le Blé","Florent Batta","Match Report",""
27,"Sat","2020-02-29","20:00","Toulouse",0.9,"0-2",1.3,"Rennes",13301,"Stadium Municipal","Jeremy Stinat","Match Report",""
27,"Sat","2020-02-29","20:00","Amiens",1.3,"0-1",0.9,"Metz",12375,"Stade de la Licorne","Johan Hamel","Match Report",""
27,"Sun","2020-03-01","15:00","Nantes",0.3,"0-1",2.1,"Lille",20704,"Stade de la Beaujoire - Louis Fonteneau","Willy Delajod","Match Report",""
27,"Sun","2020-03-01","17:00","Bordeaux",1.7,"1-1",0.5,"Nice",15799,"Stade Matmut-Atlantique","Benoît Millot","Match Report",""
27,"Sun","2020-03-01","21:00","Lyon",2.4,"2-0",0.6,"Saint-Étienne",52772,"Groupama Stadium","Franck Schneider","Match Report",""
28,"Fri","2020-03-06","21:00","Marseille",1,"2-2",2.1,"Amiens",49748,"Orange Vélodrome","François Letexier","Match Report",""
28,"Sat","2020-03-07","20:00","Nice",1.1,"2-1",1.1,"Monaco",21001,"Stade de Nice","Amaury Delerue","Match Report",""
28,"Sat","2020-03-07","20:00","Angers",0.7,"2-0",1.3,"Nantes",12132,"Stade Raymond Kopa","Stéphanie Frappart","Match Report",""
28,"Sat","2020-03-07","20:00","Metz",1.6,"2-1",1.5,"Nîmes",14797,"Stade Saint-Symphorien","Ruddy Buquet","Match Report",""
28,"Sat","2020-03-07","20:00","Reims",2,"1-0",1.2,"Brest",11062,"Stade Auguste-Delaune II","Karim Abed","Match Report",""
28,"Sat","2020-03-07","20:00","Dijon",1,"2-1",0.8,"Toulouse",12549,"Stade Gaston Gérard","Jérôme Brisard","Match Report",""
28,"Sun","2020-03-08","15:00","Saint-Étienne",0.8,"1-1",0.7,"Bordeaux",24912,"Stade Geoffroy-Guichard","Thomas Léonard","Match Report",""
28,"Sun","2020-03-08","17:00","Rennes",3.2,"5-0",0.8,"Montpellier",24818,"Roazhon Park","Jérémie Pignard","Match Report",""
28,"Sun","2020-03-08","21:00","Lille",1.1,"1-0",0.9,"Lyon",40164,"Stade Pierre-Mauroy","Benoît Bastien","Match Report",""
