"Wk","Day","Date","Time","Home","xG","Score","xG.1","Away","Attendance","Venue","Referee","Match.Report","Notes"
1,"Fri","2019-08-09","20:00 (21:00)","Liverpool",1.7,"4-1",1,"Norwich City",53333,"Anfield","Michael Oliver","Match Report",NA
1,"Sat","2019-08-10","12:30 (13:30)","West Ham",0.8,"0-5",3.1,"Manchester City",59870,"London Stadium","Mike Dean","Match Report",NA
1,"Sat","2019-08-10","15:00 (16:00)","Crystal Palace",0.7,"0-0",1,"Everton",25151,"Selhurst Park","Jonathan Moss","Match Report",NA
1,"Sat","2019-08-10","15:00 (16:00)","Bournemouth",1,"1-1",1,"Sheffield Utd",10714,"Vitality Stadium","Kevin Friend","Match Report",NA
1,"Sat","2019-08-10","15:00 (16:00)","Burnley",0.7,"3-0",0.8,"Southampton",19784,"Turf Moor","Graham Scott","Match Report",NA
1,"Sat","2019-08-10","15:00 (16:00)","Watford",0.9,"0-3",0.7,"Brighton",20245,"Vicarage Road Stadium","Craig Pawson","Match Report",NA
1,"Sat","2019-08-10","17:30 (18:30)","Tottenham",2.4,"3-1",0.6,"Aston Villa",60407,"Tottenham Hotspur Stadium","Chris Kavanagh","Match Report",NA
1,"Sun","2019-08-11","14:00 (15:00)","Leicester City",0.6,"0-0",0.6,"Wolves",32015,"King Power Stadium","Andre Marriner","Match Report",NA
1,"Sun","2019-08-11","14:00 (15:00)","Newcastle Utd",0.5,"0-1",1,"Arsenal",47635,"St. James' Park","Martin Atkinson","Match Report",NA
1,"Sun","2019-08-11","16:30 (17:30)","Manchester Utd",2.3,"4-0",0.8,"Chelsea",73620,"Old Trafford","Anthony Taylor","Match Report",NA
2,"Sat","2019-08-17","12:30 (13:30)","Arsenal",0.9,"2-1",1.3,"Burnley",60214,"Emirates Stadium","Mike Dean","Match Report",NA
2,"Sat","2019-08-17","15:00 (16:00)","Brighton",1.6,"1-1",0.8,"West Ham",30459,"The American Express Community Stadium","Anthony Taylor","Match Report",NA
2,"Sat","2019-08-17","15:00 (16:00)","Norwich City",1.4,"3-1",0.7,"Newcastle Utd",27059,"Carrow Road","Stuart Attwell","Match Report",NA
2,"Sat","2019-08-17","15:00 (16:00)","Aston Villa",1.7,"1-2",1.3,"Bournemouth",40996,"Villa Park","Martin Atkinson","Match Report",NA
2,"Sat","2019-08-17","15:00 (16:00)","Everton",1,"1-0",1,"Watford",39066,"Goodison Park","Lee Mason","Match Report",NA
2,"Sat","2019-08-17","15:00 (16:00)","Southampton",1.6,"1-2",1.4,"Liverpool",31712,"St. Mary's Stadium","Andre Marriner","Match Report",NA
2,"Sat","2019-08-17","17:30 (18:30)","Manchester City",2.9,"2-2",0.3,"Tottenham",54503,"Etihad Stadium","Michael Oliver","Match Report",NA
2,"Sun","2019-08-18","14:00 (15:00)","Sheffield Utd",1.6,"1-0",0.2,"Crystal Palace",30197,"Bramall Lane","David Coote","Match Report",NA
2,"Sun","2019-08-18","16:30 (17:30)","Chelsea",1.4,"1-1",0.8,"Leicester City",40629,"Stamford Bridge","Oliver Langford","Match Report",NA
2,"Mon","2019-08-19","20:00 (21:00)","Wolves",0.3,"1-1",1.3,"Manchester Utd",31314,"Molineux Stadium","Jonathan Moss","Match Report",NA
3,"Fri","2019-08-23","20:00 (21:00)","Aston Villa",0.9,"2-0",1,"Everton",41922,"Villa Park","Michael Oliver","Match Report",NA
3,"Sat","2019-08-24","12:30 (13:30)","Norwich City",1.2,"2-3",2.1,"Chelsea",27032,"Carrow Road","Martin Atkinson","Match Report",NA
3,"Sat","2019-08-24","15:00 (16:00)","Brighton",0.9,"0-2",1.5,"Southampton",30019,"The American Express Community Stadium","Kevin Friend","Match Report",NA
3,"Sat","2019-08-24","15:00 (16:00)","Watford",2.3,"1-3",3.4,"West Ham",20035,"Vicarage Road Stadium","Chris Kavanagh","Match Report",NA
3,"Sat","2019-08-24","15:00 (16:00)","Manchester Utd",2.4,"1-2",0.7,"Crystal Palace",73454,"Old Trafford","Paul Tierney","Match Report",NA
3,"Sat","2019-08-24","15:00 (16:00)","Sheffield Utd",0.7,"1-2",0.9,"Leicester City",30079,"Bramall Lane","Andy Madley","Match Report",NA
3,"Sat","2019-08-24","17:30 (18:30)","Liverpool",2.5,"3-1",0.9,"Arsenal",53298,"Anfield","Anthony Taylor","Match Report",NA
3,"Sun","2019-08-25","14:00 (15:00)","Bournemouth",1.5,"1-3",2.4,"Manchester City",10486,"Vitality Stadium","Andre Marriner","Match Report",NA
3,"Sun","2019-08-25","16:30 (17:30)","Tottenham",1.2,"0-1",0.4,"Newcastle Utd",59245,"Tottenham Hotspur Stadium","Mike Dean","Match Report",NA
3,"Sun","2019-08-25","16:30 (17:30)","Wolves",1.5,"1-1",1.2,"Burnley",30522,"Molineux Stadium","Craig Pawson","Match Report",NA
4,"Sat","2019-08-31","12:30 (13:30)","Southampton",0.7,"1-1",1.6,"Manchester Utd",30499,"St. Mary's Stadium","Mike Dean","Match Report",NA
4,"Sat","2019-08-31","15:00 (16:00)","Leicester City",1.9,"3-1",0.9,"Bournemouth",31613,"King Power Stadium","Peter Bankes","Match Report",NA
4,"Sat","2019-08-31","15:00 (16:00)","Crystal Palace",1.4,"1-0",0.3,"Aston Villa",25248,"Selhurst Park","Kevin Friend","Match Report",NA
4,"Sat","2019-08-31","15:00 (16:00)","Manchester City",2.1,"4-0",0.5,"Brighton",54386,"Etihad Stadium","Jonathan Moss","Match Report",NA
4,"Sat","2019-08-31","15:00 (16:00)","Chelsea",1.7,"2-2",1.1,"Sheffield Utd",40560,"Stamford Bridge","Stuart Attwell","Match Report",NA
4,"Sat","2019-08-31","15:00 (16:00)","West Ham",1.8,"2-0",1.3,"Norwich City",59950,"London Stadium","Paul Tierney","Match Report",NA
4,"Sat","2019-08-31","15:00 (16:00)","Newcastle Utd",0.9,"1-1",1.3,"Watford",44157,"St. James' Park","Graham Scott","Match Report",NA
4,"Sat","2019-08-31","17:30 (18:30)","Burnley",0.4,"0-3",1.1,"Liverpool",21762,"Turf Moor","Chris Kavanagh","Match Report",NA
4,"Sun","2019-09-01","14:00 (15:00)","Everton",1.4,"3-2",1.3,"Wolves",39374,"Goodison Park","Anthony Taylor","Match Report",NA
4,"Sun","2019-09-01","16:30 (17:30)","Arsenal",2.3,"2-2",2.1,"Tottenham",60333,"Emirates Stadium","Martin Atkinson","Match Report",NA
5,"Sat","2019-09-14","12:30 (13:30)","Liverpool",2.7,"3-1",0.4,"Newcastle Utd",51430,"Anfield","Andre Marriner","Match Report",NA
5,"Sat","2019-09-14","15:00 (16:00)","Wolves",1.6,"2-5",1.9,"Chelsea",31534,"Molineux Stadium","Graham Scott","Match Report",NA
5,"Sat","2019-09-14","15:00 (16:00)","Tottenham",1,"4-0",0.7,"Crystal Palace",59812,"Tottenham Hotspur Stadium","Craig Pawson","Match Report",NA
5,"Sat","2019-09-14","15:00 (16:00)","Brighton",0.9,"1-1",0.6,"Burnley",29398,"The American Express Community Stadium","Michael Oliver","Match Report",NA
5,"Sat","2019-09-14","15:00 (16:00)","Sheffield Utd",1.9,"0-1",1.3,"Southampton",30985,"Bramall Lane","Lee Mason","Match Report",NA
5,"Sat","2019-09-14","15:00 (16:00)","Manchester Utd",1,"1-0",0.4,"Leicester City",73689,"Old Trafford","Martin Atkinson","Match Report",NA
5,"Sat","2019-09-14","17:30 (18:30)","Norwich City",1.5,"3-2",2.2,"Manchester City",27035,"Carrow Road","Kevin Friend","Match Report",NA
5,"Sun","2019-09-15","14:00 (15:00)","Bournemouth",1.5,"3-1",1.4,"Everton",10416,"Vitality Stadium","Paul Tierney","Match Report",NA
5,"Sun","2019-09-15","16:30 (17:30)","Watford",2.8,"2-2",0.9,"Arsenal",21360,"Vicarage Road Stadium","Anthony Taylor","Match Report",NA
5,"Mon","2019-09-16","20:00 (21:00)","Aston Villa",1,"0-0",0.5,"West Ham",42010,"Villa Park","Mike Dean","Match Report",NA
6,"Fri","2019-09-20","20:00 (21:00)","Southampton",2.2,"1-3",1.2,"Bournemouth",30168,"St. Mary's Stadium","Chris Kavanagh","Match Report",NA
6,"Sat","2019-09-21","12:30 (13:30)","Leicester City",1.5,"2-1",1.2,"Tottenham",32129,"King Power Stadium","Paul Tierney","Match Report",NA
6,"Sat","2019-09-21","15:00 (16:00)","Burnley",1.5,"2-0",0.6,"Norwich City",19712,"Turf Moor","David Coote","Match Report",NA
6,"Sat","2019-09-21","15:00 (16:00)","Manchester City",5.8,"8-0",0.3,"Watford",54273,"Etihad Stadium","Mike Dean","Match Report",NA
6,"Sat","2019-09-21","15:00 (16:00)","Everton",0.9,"0-2",0.2,"Sheffield Utd",39354,"Goodison Park","Simon Hooper","Match Report",NA
6,"Sat","2019-09-21","17:30 (18:30)","Newcastle Utd",1,"0-0",1,"Brighton",43316,"St. James' Park","Martin Atkinson","Match Report",NA
6,"Sun","2019-09-22","14:00 (15:00)","Crystal Palace",0.9,"1-1",0.9,"Wolves",25122,"Selhurst Park","Stuart Attwell","Match Report",NA
6,"Sun","2019-09-22","14:00 (15:00)","West Ham",0.5,"2-0",1,"Manchester Utd",59936,"London Stadium","Anthony Taylor","Match Report",NA
6,"Sun","2019-09-22","16:30 (17:30)","Arsenal",2.4,"3-2",1.1,"Aston Villa",60331,"Emirates Stadium","Jonathan Moss","Match Report",NA
6,"Sun","2019-09-22","16:30 (17:30)","Chelsea",1.2,"1-2",0.9,"Liverpool",40638,"Stamford Bridge","Michael Oliver","Match Report",NA
7,"Sat","2019-09-28","12:30 (13:30)","Sheffield Utd",1.3,"0-1",1.9,"Liverpool",31774,"Bramall Lane","Anthony Taylor","Match Report",NA
7,"Sat","2019-09-28","15:00 (16:00)","Bournemouth",1.9,"2-2",1.5,"West Ham",10729,"Vitality Stadium","Stuart Attwell","Match Report",NA
7,"Sat","2019-09-28","15:00 (16:00)","Wolves",1.5,"2-0",0.9,"Watford",30711,"Molineux Stadium","Paul Tierney","Match Report",NA
7,"Sat","2019-09-28","15:00 (16:00)","Aston Villa",0.8,"2-2",1.5,"Burnley",41546,"Villa Park","Lee Mason","Match Report",NA
7,"Sat","2019-09-28","15:00 (16:00)","Tottenham",1,"2-1",1.6,"Southampton",59645,"Tottenham Hotspur Stadium","Graham Scott","Match Report",NA
7,"Sat","2019-09-28","15:00 (16:00)","Crystal Palace",1.5,"2-0",0.5,"Norwich City",25477,"Selhurst Park","Jonathan Moss","Match Report",NA
7,"Sat","2019-09-28","15:00 (16:00)","Chelsea",3.2,"2-0",0.5,"Brighton",40683,"Stamford Bridge","Chris Kavanagh","Match Report",NA
7,"Sat","2019-09-28","17:30 (18:30)","Everton",2.5,"1-3",3.5,"Manchester City",39222,"Goodison Park","Michael Oliver","Match Report",NA
7,"Sun","2019-09-29","16:30 (17:30)","Leicester City",1.1,"5-0",0.2,"Newcastle Utd",32168,"King Power Stadium","Craig Pawson","Match Report",NA
7,"Mon","2019-09-30","20:00 (21:00)","Manchester Utd",1.2,"1-1",1.9,"Arsenal",73201,"Old Trafford","Kevin Friend","Match Report",NA
8,"Sat","2019-10-05","12:30 (13:30)","Brighton",2,"3-0",0.6,"Tottenham",30610,"The American Express Community Stadium","Jonathan Moss","Match Report",NA
8,"Sat","2019-10-05","15:00 (16:00)","Watford",1.5,"0-0",0.5,"Sheffield Utd",20811,"Vicarage Road Stadium","Andre Marriner","Match Report",NA
8,"Sat","2019-10-05","15:00 (16:00)","Liverpool",2.8,"2-1",0.1,"Leicester City",53322,"Anfield","Chris Kavanagh","Match Report",NA
8,"Sat","2019-10-05","15:00 (16:00)","Norwich City",3.1,"1-5",2.9,"Aston Villa",27045,"Carrow Road","Andy Madley","Match Report",NA
8,"Sat","2019-10-05","15:00 (16:00)","Burnley",0.7,"1-0",0.9,"Everton",20650,"Turf Moor","Graham Scott","Match Report",NA
8,"Sat","2019-10-05","17:30 (18:30)","West Ham",1.3,"1-2",2.1,"Crystal Palace",59912,"London Stadium","Michael Oliver","Match Report",NA
8,"Sun","2019-10-06","14:00 (15:00)","Manchester City",1.3,"0-2",1.6,"Wolves",54435,"Etihad Stadium","Craig Pawson","Match Report",NA
8,"Sun","2019-10-06","14:00 (15:00)","Arsenal",0.9,"1-0",0.5,"Bournemouth",60326,"Emirates Stadium","Martin Atkinson","Match Report",NA
8,"Sun","2019-10-06","14:00 (15:00)","Southampton",1,"1-4",1.9,"Chelsea",31473,"St. Mary's Stadium","Paul Tierney","Match Report",NA
8,"Sun","2019-10-06","16:30 (17:30)","Newcastle Utd",0.5,"1-0",0.6,"Manchester Utd",51198,"St. James' Park","Mike Dean","Match Report",NA
9,"Sat","2019-10-19","12:30 (13:30)","Everton",2.1,"2-0",0.9,"West Ham",39263,"Goodison Park","Paul Tierney","Match Report",NA
9,"Sat","2019-10-19","15:00 (16:00)","Wolves",0.9,"1-1",1.6,"Southampton",30915,"Molineux Stadium","Peter Bankes","Match Report",NA
9,"Sat","2019-10-19","15:00 (16:00)","Chelsea",1.9,"1-0",0.3,"Newcastle Utd",40513,"Stamford Bridge","Andre Marriner","Match Report",NA
9,"Sat","2019-10-19","15:00 (16:00)","Aston Villa",2.7,"2-1",1.2,"Brighton",41826,"Villa Park","David Coote","Match Report",NA
9,"Sat","2019-10-19","15:00 (16:00)","Leicester City",1.4,"2-1",1.4,"Burnley",32105,"King Power Stadium","Jonathan Moss","Match Report",NA
9,"Sat","2019-10-19","15:00 (16:00)","Bournemouth",0.6,"0-0",0.4,"Norwich City",10669,"Vitality Stadium","Lee Mason","Match Report",NA
9,"Sat","2019-10-19","15:00 (16:00)","Tottenham",1,"1-1",0.8,"Watford",58754,"Tottenham Hotspur Stadium","Chris Kavanagh","Match Report",NA
9,"Sat","2019-10-19","17:30 (18:30)","Crystal Palace",0.5,"0-2",2.2,"Manchester City",25480,"Selhurst Park","Anthony Taylor","Match Report",NA
9,"Sun","2019-10-20","16:30 (17:30)","Manchester Utd",0.7,"1-1",1.1,"Liverpool",73737,"Old Trafford","Martin Atkinson","Match Report",NA
9,"Mon","2019-10-21","20:00 (21:00)","Sheffield Utd",1,"1-0",0.8,"Arsenal",30775,"Bramall Lane","Mike Dean","Match Report",NA
10,"Fri","2019-10-25","20:00 (21:00)","Southampton",0.4,"0-9",3.7,"Leicester City",28762,"St. Mary's Stadium","Andre Marriner","Match Report",NA
10,"Sat","2019-10-26","12:30 (13:30)","Manchester City",2.4,"3-0",0.9,"Aston Villa",54506,"Etihad Stadium","Graham Scott","Match Report",NA
10,"Sat","2019-10-26","15:00 (16:00)","West Ham",2,"1-1",1.7,"Sheffield Utd",59878,"London Stadium","David Coote","Match Report",NA
10,"Sat","2019-10-26","15:00 (16:00)","Watford",0.8,"0-0",1.1,"Bournemouth",20821,"Vicarage Road Stadium","Mike Dean","Match Report",NA
10,"Sat","2019-10-26","15:00 (16:00)","Brighton",1.3,"3-2",0.7,"Everton",30529,"The American Express Community Stadium","Andy Madley","Match Report",NA
10,"Sat","2019-10-26","17:30 (18:30)","Burnley",2.2,"2-4",1,"Chelsea",20975,"Turf Moor","Michael Oliver","Match Report",NA
10,"Sun","2019-10-27","14:00 (15:00)","Newcastle Utd",0.7,"1-1",1,"Wolves",46019,"St. James' Park","Kevin Friend","Match Report",NA
10,"Sun","2019-10-27","16:30 (17:30)","Arsenal",1.7,"2-2",1.7,"Crystal Palace",60345,"Emirates Stadium","Martin Atkinson","Match Report",NA
10,"Sun","2019-10-27","16:30 (17:30)","Liverpool",2.5,"2-1",1.4,"Tottenham",53222,"Anfield","Anthony Taylor","Match Report",NA
10,"Sun","2019-10-27","16:30 (17:30)","Norwich City",1,"1-3",4.1,"Manchester Utd",27108,"Carrow Road","Stuart Attwell","Match Report",NA
11,"Sat","2019-11-02","12:30 (13:30)","Bournemouth",1.7,"1-0",0.7,"Manchester Utd",10669,"Vitality Stadium","Chris Kavanagh","Match Report",NA
11,"Sat","2019-11-02","15:00 (16:00)","Sheffield Utd",2.1,"3-0",0.8,"Burnley",31131,"Bramall Lane","Simon Hooper","Match Report",NA
11,"Sat","2019-11-02","15:00 (16:00)","Manchester City",3.1,"2-1",0.7,"Southampton",53922,"Etihad Stadium","Lee Mason","Match Report",NA
11,"Sat","2019-11-02","15:00 (16:00)","Arsenal",1.1,"1-1",1.5,"Wolves",60383,"Emirates Stadium","Michael Oliver","Match Report",NA
11,"Sat","2019-11-02","15:00 (16:00)","Brighton",2.3,"2-0",0.4,"Norwich City",30539,"The American Express Community Stadium","Kevin Friend","Match Report",NA
11,"Sat","2019-11-02","15:00 (16:00)","Aston Villa",0.7,"1-2",2.6,"Liverpool",41878,"Villa Park","Jonathan Moss","Match Report",NA
11,"Sat","2019-11-02","15:00 (16:00)","West Ham",1.9,"2-3",1.5,"Newcastle Utd",59907,"London Stadium","Stuart Attwell","Match Report",NA
11,"Sat","2019-11-02","17:30 (18:30)","Watford",1.4,"1-2",2.6,"Chelsea",21011,"Vicarage Road Stadium","Anthony Taylor","Match Report",NA
11,"Sun","2019-11-03","14:00 (15:00)","Crystal Palace",0.4,"0-2",1.4,"Leicester City",25480,"Selhurst Park","Paul Tierney","Match Report",NA
11,"Sun","2019-11-03","16:30 (17:30)","Everton",0.8,"1-1",0.5,"Tottenham",39001,"Goodison Park","Martin Atkinson","Match Report",NA
12,"Fri","2019-11-08","20:00 (21:00)","Norwich City",0.8,"0-2",0.8,"Watford",27074,"Carrow Road","Andre Marriner","Match Report",NA
12,"Sat","2019-11-09","12:30 (13:30)","Chelsea",2.5,"2-0",0.2,"Crystal Palace",40525,"Stamford Bridge","Mike Dean","Match Report",NA
12,"Sat","2019-11-09","15:00 (16:00)","Southampton",0.9,"1-2",1.9,"Everton",29754,"St. Mary's Stadium","Paul Tierney","Match Report",NA
12,"Sat","2019-11-09","15:00 (16:00)","Newcastle Utd",3,"2-1",2.3,"Bournemouth",44424,"St. James' Park","Martin Atkinson","Match Report",NA
12,"Sat","2019-11-09","15:00 (16:00)","Burnley",1.6,"3-0",0.4,"West Ham",20255,"Turf Moor","Kevin Friend","Match Report",NA
12,"Sat","2019-11-09","15:00 (16:00)","Tottenham",1.1,"1-1",1,"Sheffield Utd",59781,"Tottenham Hotspur Stadium","Graham Scott","Match Report",NA
12,"Sat","2019-11-09","17:30 (18:30)","Leicester City",1.6,"2-0",0.8,"Arsenal",32209,"King Power Stadium","Chris Kavanagh","Match Report",NA
12,"Sun","2019-11-10","14:00 (15:00)","Manchester Utd",2.2,"3-1",0.9,"Brighton",73556,"Old Trafford","Jonathan Moss","Match Report",NA
12,"Sun","2019-11-10","14:00 (15:00)","Wolves",1.9,"2-1",0.7,"Aston Villa",31607,"Molineux Stadium","Anthony Taylor","Match Report",NA
12,"Sun","2019-11-10","16:30 (17:30)","Liverpool",1,"3-1",1.3,"Manchester City",53324,"Anfield","Michael Oliver","Match Report",NA
13,"Sat","2019-11-23","12:30 (13:30)","West Ham",0.7,"2-3",1.6,"Tottenham",59930,"London Stadium","Michael Oliver","Match Report",NA
13,"Sat","2019-11-23","15:00 (16:00)","Brighton",0.8,"0-2",3.4,"Leicester City",30640,"The American Express Community Stadium","Mike Dean","Match Report",NA
13,"Sat","2019-11-23","15:00 (16:00)","Watford",1,"0-3",2.3,"Burnley",19711,"Vicarage Road Stadium","Paul Tierney","Match Report",NA
13,"Sat","2019-11-23","15:00 (16:00)","Crystal Palace",1,"1-2",1.4,"Liverpool",25486,"Selhurst Park","Kevin Friend","Match Report",NA
13,"Sat","2019-11-23","15:00 (16:00)","Arsenal",2,"2-2",2.8,"Southampton",60295,"Emirates Stadium","Stuart Attwell","Match Report",NA
13,"Sat","2019-11-23","15:00 (16:00)","Everton",0.8,"0-2",1.8,"Norwich City",39241,"Goodison Park","Anthony Taylor","Match Report",NA
13,"Sat","2019-11-23","15:00 (16:00)","Bournemouth",0.5,"1-2",1.4,"Wolves",10539,"Vitality Stadium","Simon Hooper","Match Report",NA
13,"Sat","2019-11-23","17:30 (18:30)","Manchester City",1.1,"2-1",1.1,"Chelsea",54486,"Etihad Stadium","Martin Atkinson","Match Report",NA
13,"Sun","2019-11-24","16:30 (17:30)","Sheffield Utd",1.4,"3-3",1.4,"Manchester Utd",32024,"Bramall Lane","Andre Marriner","Match Report",NA
13,"Mon","2019-11-25","20:00 (21:00)","Aston Villa",1.8,"2-0",0.6,"Newcastle Utd",41821,"Villa Park","Lee Mason","Match Report",NA
14,"Sat","2019-11-30","12:30 (13:30)","Newcastle Utd",0.3,"2-2",2.6,"Manchester City",49937,"St. James' Park","Chris Kavanagh","Match Report",NA
14,"Sat","2019-11-30","15:00 (16:00)","Tottenham",2.8,"3-2",1.4,"Bournemouth",59626,"Tottenham Hotspur Stadium","Lee Mason","Match Report",NA
14,"Sat","2019-11-30","15:00 (16:00)","Burnley",1.5,"0-2",0.8,"Crystal Palace",19818,"Turf Moor","Peter Bankes","Match Report",NA
14,"Sat","2019-11-30","15:00 (16:00)","Liverpool",1.9,"2-1",1,"Brighton",53319,"Anfield","Martin Atkinson","Match Report",NA
14,"Sat","2019-11-30","15:00 (16:00)","Chelsea",2,"0-1",0.8,"West Ham",40595,"Stamford Bridge","Jonathan Moss","Match Report",NA
14,"Sat","2019-11-30","17:30 (18:30)","Southampton",1.4,"2-1",0.7,"Watford",26929,"St. Mary's Stadium","Michael Oliver","Match Report",NA
14,"Sun","2019-12-01","14:00 (15:00)","Wolves",1.2,"1-1",1,"Sheffield Utd",31642,"Molineux Stadium","David Coote","Match Report",NA
14,"Sun","2019-12-01","14:00 (15:00)","Norwich City",1.3,"2-2",2,"Arsenal",27067,"Carrow Road","Paul Tierney","Match Report",NA
14,"Sun","2019-12-01","16:30 (17:30)","Leicester City",2.6,"2-1",0.9,"Everton",32144,"King Power Stadium","Graham Scott","Match Report",NA
14,"Sun","2019-12-01","16:30 (17:30)","Manchester Utd",1.7,"2-2",1.4,"Aston Villa",73381,"Old Trafford","Craig Pawson","Match Report",NA
15,"Tue","2019-12-03","19:30 (20:30)","Crystal Palace",0.4,"1-0",0.3,"Bournemouth",23497,"Selhurst Park","Anthony Taylor","Match Report",NA
15,"Tue","2019-12-03","20:15 (21:15)","Burnley",0.5,"1-4",1.8,"Manchester City",20101,"Turf Moor","Jonathan Moss","Match Report",NA
15,"Wed","2019-12-04","19:30 (20:30)","Wolves",1.6,"2-0",0.5,"West Ham",31217,"Molineux Stadium","Andre Marriner","Match Report",NA
15,"Wed","2019-12-04","19:30 (20:30)","Southampton",1.1,"2-1",0.8,"Norwich City",27019,"St. Mary's Stadium","Kevin Friend","Match Report",NA
15,"Wed","2019-12-04","19:30 (20:30)","Leicester City",3,"2-0",0.2,"Watford",31763,"King Power Stadium","Craig Pawson","Match Report",NA
15,"Wed","2019-12-04","19:30 (20:30)","Chelsea",2.1,"2-1",0.7,"Aston Villa",40628,"Stamford Bridge","Chris Kavanagh","Match Report",NA
15,"Wed","2019-12-04","19:30 (20:30)","Manchester Utd",1.3,"2-1",0.5,"Tottenham",73252,"Old Trafford","Paul Tierney","Match Report",NA
15,"Wed","2019-12-04","20:15 (21:15)","Liverpool",2.7,"5-2",1.5,"Everton",53094,"Anfield","Mike Dean","Match Report",NA
15,"Thu","2019-12-05","19:30 (20:30)","Sheffield Utd",1.3,"0-2",0.8,"Newcastle Utd",30409,"Bramall Lane","Stuart Attwell","Match Report",NA
15,"Thu","2019-12-05","20:15 (21:15)","Arsenal",1,"1-2",2.3,"Brighton",60164,"Emirates Stadium","Graham Scott","Match Report",NA
16,"Sat","2019-12-07","12:30 (13:30)","Everton",1.7,"3-1",0.9,"Chelsea",39114,"Goodison Park","Craig Pawson","Match Report",NA
16,"Sat","2019-12-07","15:00 (16:00)","Watford",1.2,"0-0",0.2,"Crystal Palace",20070,"Vicarage Road Stadium","Martin Atkinson","Match Report",NA
16,"Sat","2019-12-07","15:00 (16:00)","Bournemouth",0.2,"0-3",2.3,"Liverpool",10832,"Vitality Stadium","Chris Kavanagh","Match Report",NA
16,"Sat","2019-12-07","15:00 (16:00)","Tottenham",2.3,"5-0",0.5,"Burnley",58401,"Tottenham Hotspur Stadium","Kevin Friend","Match Report",NA
16,"Sat","2019-12-07","17:30 (18:30)","Manchester City",2,"1-2",1.6,"Manchester Utd",54403,"Etihad Stadium","Anthony Taylor","Match Report",NA
16,"Sun","2019-12-08","14:00 (15:00)","Norwich City",0.8,"1-2",0.7,"Sheffield Utd",26881,"Carrow Road","Simon Hooper","Match Report",NA
16,"Sun","2019-12-08","14:00 (15:00)","Aston Villa",1,"1-4",4.4,"Leicester City",41908,"Villa Park","Michael Oliver","Match Report",NA
16,"Sun","2019-12-08","14:00 (15:00)","Newcastle Utd",1.2,"2-1",2.3,"Southampton",42303,"St. James' Park","David Coote","Match Report",NA
16,"Sun","2019-12-08","16:30 (17:30)","Brighton",1,"2-2",1.6,"Wolves",30189,"The American Express Community Stadium","Jonathan Moss","Match Report",NA
16,"Mon","2019-12-09","20:00 (21:00)","West Ham",0.6,"1-3",1.7,"Arsenal",59936,"London Stadium","Mike Dean","Match Report",NA
17,"Sat","2019-12-14","12:30 (13:30)","Liverpool",1.6,"2-0",1.4,"Watford",53311,"Anfield","Andre Marriner","Match Report",NA
17,"Sat","2019-12-14","15:00 (16:00)","Burnley",1,"1-0",0.7,"Newcastle Utd",19798,"Turf Moor","Tim Robinson","Match Report",NA
17,"Sat","2019-12-14","15:00 (16:00)","Chelsea",1.5,"0-1",0.8,"Bournemouth",40243,"Stamford Bridge","Graham Scott","Match Report",NA
17,"Sat","2019-12-14","15:00 (16:00)","Sheffield Utd",1.4,"2-0",1.1,"Aston Villa",30396,"Bramall Lane","Peter Bankes","Match Report",NA
17,"Sat","2019-12-14","15:00 (16:00)","Leicester City",1.3,"1-1",1.7,"Norwich City",32101,"King Power Stadium","Andy Madley","Match Report",NA
17,"Sat","2019-12-14","17:30 (18:30)","Southampton",0.9,"0-1",1,"West Ham",27701,"St. Mary's Stadium","Martin Atkinson","Match Report",NA
17,"Sun","2019-12-15","14:00 (15:00)","Wolves",0.8,"1-2",0.9,"Tottenham",31674,"Molineux Stadium","Stuart Attwell","Match Report",NA
17,"Sun","2019-12-15","14:00 (15:00)","Manchester Utd",1.7,"1-1",0.3,"Everton",63328,"Old Trafford","Michael Oliver","Match Report",NA
17,"Sun","2019-12-15","16:30 (17:30)","Arsenal",0.4,"0-3",1.8,"Manchester City",60031,"Emirates Stadium","Paul Tierney","Match Report",NA
17,"Mon","2019-12-16","19:45 (20:45)","Crystal Palace",0.7,"1-1",2.3,"Brighton",24175,"Selhurst Park","Craig Pawson","Match Report",NA
18,"Sat","2019-12-21","12:30 (13:30)","Everton",0.4,"0-0",0.7,"Arsenal",39336,"Goodison Park","Kevin Friend","Match Report",NA
18,"Sat","2019-12-21","15:00 (16:00)","Newcastle Utd",0.5,"1-0",1.4,"Crystal Palace",45453,"St. James' Park","Simon Hooper","Match Report",NA
18,"Sat","2019-12-21","15:00 (16:00)","Aston Villa",1,"1-3",3.1,"Southampton",41834,"Villa Park","Craig Pawson","Match Report",NA
18,"Sat","2019-12-21","15:00 (16:00)","Brighton",0.5,"0-1",1.3,"Sheffield Utd",30505,"The American Express Community Stadium","Robert Jones","Match Report",NA
18,"Sat","2019-12-21","15:00 (16:00)","Norwich City",1.3,"1-2",1.3,"Wolves",27053,"Carrow Road","Peter Bankes","Match Report",NA
18,"Sat","2019-12-21","15:00 (16:00)","Bournemouth",0.2,"0-1",0.2,"Burnley",10020,"Vitality Stadium","Martin Atkinson","Match Report",NA
18,"Sat","2019-12-21","17:30 (18:30)","Manchester City",3.4,"3-1",1,"Leicester City",54415,"Etihad Stadium","Mike Dean","Match Report",NA
18,"Sun","2019-12-22","14:00 (15:00)","Watford",1.5,"2-0",1.7,"Manchester Utd",21488,"Vicarage Road Stadium","Lee Mason","Match Report",NA
18,"Sun","2019-12-22","16:30 (17:30)","Tottenham",0.4,"0-2",1.4,"Chelsea",61104,"Tottenham Hotspur Stadium","Anthony Taylor","Match Report",NA
19,"Thu","2019-12-26","12:30 (13:30)","Tottenham",1.5,"2-1",0.6,"Brighton",56308,"Tottenham Hotspur Stadium","Graham Scott","Match Report",NA
19,"Thu","2019-12-26","15:00 (16:00)","Chelsea",0.5,"0-2",0.7,"Southampton",40651,"Stamford Bridge","Jonathan Moss","Match Report",NA
19,"Thu","2019-12-26","15:00 (16:00)","Crystal Palace",2,"2-1",0.9,"West Ham",25462,"Selhurst Park","Andre Marriner","Match Report",NA
19,"Thu","2019-12-26","15:00 (16:00)","Aston Villa",0.6,"1-0",1.1,"Norwich City",41289,"Villa Park","Chris Kavanagh","Match Report",NA
19,"Thu","2019-12-26","15:00 (16:00)","Everton",1.6,"1-0",0.4,"Burnley",39177,"Goodison Park","Anthony Taylor","Match Report",NA
19,"Thu","2019-12-26","15:00 (16:00)","Bournemouth",0.9,"1-1",1.5,"Arsenal",10234,"Vitality Stadium","Stuart Attwell","Match Report",NA
19,"Thu","2019-12-26","15:00 (16:00)","Sheffield Utd",2.1,"1-1",0.7,"Watford",30222,"Bramall Lane","David Coote","Match Report",NA
19,"Thu","2019-12-26","17:30 (18:30)","Manchester Utd",1.6,"4-1",0.9,"Newcastle Utd",73206,"Old Trafford","Kevin Friend","Match Report",NA
19,"Thu","2019-12-26","20:00 (21:00)","Leicester City",0.1,"0-4",3.1,"Liverpool",32211,"King Power Stadium","Michael Oliver","Match Report",NA
19,"Fri","2019-12-27","19:45 (20:45)","Wolves",1.8,"3-2",1.6,"Manchester City",31737,"Molineux Stadium","Martin Atkinson","Match Report",NA
20,"Sat","2019-12-28","12:30 (13:30)","Brighton",1,"2-0",0.6,"Bournemouth",30441,"The American Express Community Stadium","Paul Tierney","Match Report",NA
20,"Sat","2019-12-28","15:00 (16:00)","Newcastle Utd",1.5,"1-2",3.5,"Everton",52211,"St. James' Park","Lee Mason","Match Report",NA
20,"Sat","2019-12-28","15:00 (16:00)","Southampton",1.4,"1-1",0.2,"Crystal Palace",31108,"St. Mary's Stadium","Andy Madley","Match Report",NA
20,"Sat","2019-12-28","15:00 (16:00)","Watford",2.9,"3-0",0.5,"Aston Villa",21348,"Vicarage Road Stadium","Simon Hooper","Match Report",NA
20,"Sat","2019-12-28","17:30 (18:30)","West Ham",0.9,"1-2",2.2,"Leicester City",59919,"London Stadium","David Coote","Match Report",NA
20,"Sat","2019-12-28","17:30 (18:30)","Norwich City",0.4,"2-2",1.8,"Tottenham",27072,"Carrow Road","Kevin Friend","Match Report",NA
20,"Sat","2019-12-28","19:45 (20:45)","Burnley",0.4,"0-2",1.8,"Manchester Utd",21924,"Turf Moor","Mike Dean","Match Report",NA
20,"Sun","2019-12-29","14:00 (15:00)","Arsenal",0.8,"1-2",1.5,"Chelsea",60309,"Emirates Stadium","Craig Pawson","Match Report",NA
20,"Sun","2019-12-29","16:30 (17:30)","Liverpool",1.2,"1-0",0.6,"Wolves",53326,"Anfield","Anthony Taylor","Match Report",NA
20,"Sun","2019-12-29","18:00 (19:00)","Manchester City",1.1,"2-0",1.1,"Sheffield Utd",54512,"Etihad Stadium","Chris Kavanagh","Match Report",NA
21,"Wed","2020-01-01","12:30 (13:30)","Burnley",2,"1-2",0.9,"Aston Villa",19561,"Turf Moor","Michael Oliver","Match Report",NA
21,"Wed","2020-01-01","12:30 (13:30)","Brighton",0.9,"1-1",1.6,"Chelsea",30559,"The American Express Community Stadium","Stuart Attwell","Match Report",NA
21,"Wed","2020-01-01","15:00 (16:00)","Southampton",1.4,"1-0",0.5,"Tottenham",30976,"St. Mary's Stadium","Mike Dean","Match Report",NA
21,"Wed","2020-01-01","15:00 (16:00)","Watford",0.9,"2-1",1.4,"Wolves",20584,"Vicarage Road Stadium","Andy Madley","Match Report",NA
21,"Wed","2020-01-01","15:00 (16:00)","Newcastle Utd",0.7,"0-3",1.7,"Leicester City",52178,"St. James' Park","Martin Atkinson","Match Report",NA
21,"Wed","2020-01-01","17:30 (18:30)","Norwich City",1.6,"1-1",1.5,"Crystal Palace",27021,"Carrow Road","Jonathan Moss","Match Report",NA
21,"Wed","2020-01-01","17:30 (18:30)","Manchester City",1.6,"2-1",1.2,"Everton",54407,"Etihad Stadium","Andre Marriner","Match Report",NA
21,"Wed","2020-01-01","17:30 (18:30)","West Ham",1.8,"4-0",0.3,"Bournemouth",59917,"London Stadium","Graham Scott","Match Report",NA
21,"Wed","2020-01-01","20:00 (21:00)","Arsenal",1.5,"2-0",0.8,"Manchester Utd",60328,"Emirates Stadium","Chris Kavanagh","Match Report",NA
21,"Thu","2020-01-02","20:00 (21:00)","Liverpool",3.2,"2-0",0.8,"Sheffield Utd",53321,"Anfield","Paul Tierney","Match Report",NA
22,"Fri","2020-01-10","20:00 (21:00)","Sheffield Utd",1.8,"1-0",0.7,"West Ham",30124,"Bramall Lane","Michael Oliver","Match Report",NA
22,"Sat","2020-01-11","12:30 (13:30)","Crystal Palace",0.4,"1-1",1.3,"Arsenal",25468,"Selhurst Park","Paul Tierney","Match Report",NA
22,"Sat","2020-01-11","15:00 (16:00)","Leicester City",1,"1-2",2.3,"Southampton",32115,"King Power Stadium","Lee Mason","Match Report",NA
22,"Sat","2020-01-11","15:00 (16:00)","Everton",1.8,"1-0",1.2,"Brighton",38772,"Goodison Park","David Coote","Match Report",NA
22,"Sat","2020-01-11","15:00 (16:00)","Chelsea",2.6,"3-0",0.4,"Burnley",40396,"Stamford Bridge","Kevin Friend","Match Report",NA
22,"Sat","2020-01-11","15:00 (16:00)","Wolves",0.9,"1-1",0.3,"Newcastle Utd",31570,"Molineux Stadium","Peter Bankes","Match Report",NA
22,"Sat","2020-01-11","15:00 (16:00)","Manchester Utd",2.2,"4-0",0.3,"Norwich City",73271,"Old Trafford","Anthony Taylor","Match Report",NA
22,"Sat","2020-01-11","17:30 (18:30)","Tottenham",1.6,"0-1",1.9,"Liverpool",61023,"Tottenham Hotspur Stadium","Martin Atkinson","Match Report",NA
22,"Sun","2020-01-12","14:00 (15:00)","Bournemouth",0.3,"0-3",2,"Watford",10384,"Vitality Stadium","Mike Dean","Match Report",NA
22,"Sun","2020-01-12","16:30 (17:30)","Aston Villa",1,"1-6",2.5,"Manchester City",41823,"Villa Park","Jonathan Moss","Match Report",NA
23,"Sat","2020-01-18","12:30 (13:30)","Watford",1.8,"0-0",1.6,"Tottenham",21366,"Vicarage Road Stadium","Michael Oliver","Match Report",NA
23,"Sat","2020-01-18","15:00 (16:00)","Manchester City",2.1,"2-2",0.5,"Crystal Palace",54439,"Etihad Stadium","Graham Scott","Match Report",NA
23,"Sat","2020-01-18","15:00 (16:00)","Norwich City",2,"1-0",0.9,"Bournemouth",26781,"Carrow Road","Paul Tierney","Match Report",NA
23,"Sat","2020-01-18","15:00 (16:00)","Arsenal",1.3,"1-1",0.7,"Sheffield Utd",60310,"Emirates Stadium","Mike Dean","Match Report",NA
23,"Sat","2020-01-18","15:00 (16:00)","Southampton",0.7,"2-3",1.7,"Wolves",31152,"St. Mary's Stadium","Darren England","Match Report",NA
23,"Sat","2020-01-18","15:00 (16:00)","West Ham",1.2,"1-1",1.2,"Everton",59915,"London Stadium","Andre Marriner","Match Report",NA
23,"Sat","2020-01-18","15:00 (16:00)","Brighton",0.7,"1-1",0.7,"Aston Villa",30551,"The American Express Community Stadium","Andy Madley","Match Report",NA
23,"Sat","2020-01-18","17:30 (18:30)","Newcastle Utd",0.6,"1-0",2,"Chelsea",52217,"St. James' Park","Chris Kavanagh","Match Report",NA
23,"Sun","2020-01-19","14:00 (15:00)","Burnley",1.4,"2-1",2.4,"Leicester City",19788,"Turf Moor","Anthony Taylor","Match Report",NA
23,"Sun","2020-01-19","16:30 (17:30)","Liverpool",2.3,"2-0",1.2,"Manchester Utd",52916,"Anfield","Craig Pawson","Match Report",NA
24,"Tue","2020-01-21","19:30 (20:30)","Crystal Palace",0.8,"0-2",1.3,"Southampton",23739,"Selhurst Park","Andre Marriner","Match Report",NA
24,"Tue","2020-01-21","19:30 (20:30)","Aston Villa",1,"2-1",1.3,"Watford",40867,"Villa Park","Martin Atkinson","Match Report",NA
24,"Tue","2020-01-21","19:30 (20:30)","Everton",1.6,"2-2",0.8,"Newcastle Utd",38822,"Goodison Park","Simon Hooper","Match Report",NA
24,"Tue","2020-01-21","19:30 (20:30)","Bournemouth",1.6,"3-1",1.2,"Brighton",10065,"Vitality Stadium","Kevin Friend","Match Report",NA
24,"Tue","2020-01-21","19:30 (20:30)","Sheffield Utd",0.8,"0-1",2.9,"Manchester City",31285,"Bramall Lane","Lee Mason","Match Report",NA
24,"Tue","2020-01-21","20:15 (21:15)","Chelsea",2.8,"2-2",0.5,"Arsenal",40577,"Stamford Bridge","Stuart Attwell","Match Report",NA
24,"Wed","2020-01-22","19:30 (20:30)","Tottenham",1.9,"2-1",1.6,"Norwich City",58182,"Tottenham Hotspur Stadium","Chris Kavanagh","Match Report",NA
24,"Wed","2020-01-22","19:30 (20:30)","Leicester City",2.8,"4-1",1.6,"West Ham",31968,"King Power Stadium","David Coote","Match Report",NA
24,"Wed","2020-01-22","20:15 (21:15)","Manchester Utd",1.8,"0-2",0.6,"Burnley",73198,"Old Trafford","Jonathan Moss","Match Report",NA
24,"Thu","2020-01-23","20:00 (21:00)","Wolves",1.6,"1-2",1.5,"Liverpool",31746,"Molineux Stadium","Michael Oliver","Match Report",NA
18,"Wed","2020-01-29","19:45 (20:45)","West Ham",0.8,"0-2",2.5,"Liverpool",59959,"London Stadium","Jonathan Moss","Match Report",NA
25,"Sat","2020-02-01","12:30 (13:30)","Leicester City",1.6,"2-2",0.4,"Chelsea",32186,"King Power Stadium","Lee Mason","Match Report",NA
25,"Sat","2020-02-01","15:00 (16:00)","West Ham",0.9,"3-3",2,"Brighton",59952,"London Stadium","Michael Oliver","Match Report",NA
25,"Sat","2020-02-01","15:00 (16:00)","Newcastle Utd",0.7,"0-0",1.4,"Norwich City",52204,"St. James' Park","Martin Atkinson","Match Report",NA
25,"Sat","2020-02-01","15:00 (16:00)","Crystal Palace",1.1,"0-1",0.6,"Sheffield Utd",25170,"Selhurst Park","Andy Madley","Match Report",NA
25,"Sat","2020-02-01","15:00 (16:00)","Watford",0.6,"2-3",2.1,"Everton",21229,"Vicarage Road Stadium","Craig Pawson","Match Report",NA
25,"Sat","2020-02-01","15:00 (16:00)","Bournemouth",2.2,"2-1",1.3,"Aston Villa",10722,"Vitality Stadium","Anthony Taylor","Match Report",NA
25,"Sat","2020-02-01","15:00 (16:00)","Liverpool",3.2,"4-0",1,"Southampton",53291,"Anfield","Kevin Friend","Match Report",NA
25,"Sat","2020-02-01","17:30 (18:30)","Manchester Utd",0.8,"0-0",0.9,"Wolves",73363,"Old Trafford","Paul Tierney","Match Report",NA
25,"Sun","2020-02-02","14:00 (15:00)","Burnley",1.9,"0-0",1,"Arsenal",21048,"Turf Moor","Chris Kavanagh","Match Report",NA
25,"Sun","2020-02-02","16:30 (17:30)","Tottenham",0.3,"2-0",3,"Manchester City",61022,"Tottenham Hotspur Stadium","Mike Dean","Match Report",NA
26,"Sat","2020-02-08","12:30 (13:30)","Everton",2.4,"3-1",1.1,"Crystal Palace",38987,"Goodison Park","David Coote","Match Report",NA
26,"Sat","2020-02-08","17:30 (18:30)","Brighton",0.7,"1-1",0.3,"Watford",30443,"The American Express Community Stadium","Kevin Friend","Match Report",NA
26,"Sun","2020-02-09","14:00 (15:00)","Sheffield Utd",1.7,"2-1",1.3,"Bournemouth",30361,"Bramall Lane","Jonathan Moss","Match Report",NA
26,"Fri","2020-02-14","20:00 (21:00)","Wolves",0.9,"0-0",0.6,"Leicester City",31682,"Molineux Stadium","Mike Dean","Match Report",NA
26,"Sat","2020-02-15","12:30 (13:30)","Southampton",0.5,"1-2",0.6,"Burnley",26302,"St. Mary's Stadium","Simon Hooper","Match Report",NA
26,"Sat","2020-02-15","17:30 (18:30)","Norwich City",0.4,"0-1",1.9,"Liverpool",27110,"Carrow Road","Stuart Attwell","Match Report",NA
26,"Sun","2020-02-16","14:00 (15:00)","Aston Villa",1.9,"2-3",3.5,"Tottenham",41874,"Villa Park","Martin Atkinson","Match Report",NA
26,"Sun","2020-02-16","16:30 (17:30)","Arsenal",2,"4-0",0.9,"Newcastle Utd",60188,"Emirates Stadium","Lee Mason","Match Report",NA
26,"Mon","2020-02-17","20:00 (21:00)","Chelsea",1.4,"0-2",0.8,"Manchester Utd",40504,"Stamford Bridge","Anthony Taylor","Match Report",NA
26,"Wed","2020-02-19","19:30 (20:30)","Manchester City",2.2,"2-0",0.1,"West Ham",52159,"Etihad Stadium","Kevin Friend","Match Report",NA
27,"Sat","2020-02-22","12:30 (13:30)","Chelsea",1.6,"2-1",0.4,"Tottenham",40608,"Stamford Bridge","Michael Oliver","Match Report",NA
27,"Sat","2020-02-22","15:00 (16:00)","Southampton",2.8,"2-0",0.5,"Aston Villa",31478,"St. Mary's Stadium","Craig Pawson","Match Report",NA
27,"Sat","2020-02-22","15:00 (16:00)","Crystal Palace",1.2,"1-0",0.2,"Newcastle Utd",25486,"Selhurst Park","Peter Bankes","Match Report",NA
27,"Sat","2020-02-22","15:00 (16:00)","Burnley",2.8,"3-0",1.6,"Bournemouth",18227,"Turf Moor","Mike Dean","Match Report",NA
27,"Sat","2020-02-22","15:00 (16:00)","Sheffield Utd",1.5,"1-1",1,"Brighton",31888,"Bramall Lane","Graham Scott","Match Report",NA
27,"Sat","2020-02-22","17:30 (18:30)","Leicester City",1.1,"0-1",2.2,"Manchester City",32068,"King Power Stadium","Paul Tierney","Match Report",NA
27,"Sun","2020-02-23","14:00 (15:00)","Manchester Utd",2.4,"3-0",0.3,"Watford",73347,"Old Trafford","Martin Atkinson","Match Report",NA
27,"Sun","2020-02-23","14:00 (15:00)","Wolves",2.8,"3-0",0.4,"Norwich City",31046,"Molineux Stadium","Chris Kavanagh","Match Report",NA
27,"Sun","2020-02-23","16:30 (17:30)","Arsenal",1.2,"3-2",1.9,"Everton",60296,"Emirates Stadium","Stuart Attwell","Match Report",NA
27,"Mon","2020-02-24","20:00 (21:00)","Liverpool",2.9,"3-2",0.7,"West Ham",53313,"Anfield","Jonathan Moss","Match Report",NA
28,"Fri","2020-02-28","20:00 (21:00)","Norwich City",0.8,"1-0",1.2,"Leicester City",27010,"Carrow Road","Craig Pawson","Match Report",NA
28,"Sat","2020-02-29","12:30 (13:30)","Brighton",1.7,"0-1",2.1,"Crystal Palace",30124,"The American Express Community Stadium","Martin Atkinson","Match Report",NA
28,"Sat","2020-02-29","15:00 (16:00)","Bournemouth",1.9,"2-2",1.9,"Chelsea",10667,"Vitality Stadium","Andre Marriner","Match Report",NA
28,"Sat","2020-02-29","15:00 (16:00)","West Ham",2.3,"3-1",0.8,"Southampton",59962,"London Stadium","Anthony Taylor","Match Report",NA
28,"Sat","2020-02-29","15:00 (16:00)","Newcastle Utd",1.1,"0-0",0.8,"Burnley",52219,"St. James' Park","Andy Madley","Match Report",NA
28,"Sat","2020-02-29","17:30 (18:30)","Watford",2.2,"3-0",0.3,"Liverpool",21634,"Vicarage Road Stadium","Michael Oliver","Match Report",NA
28,"Sun","2020-03-01","14:00 (15:00)","Tottenham",1.5,"2-3",2.6,"Wolves",58064,"Tottenham Hotspur Stadium","Stuart Attwell","Match Report",NA
28,"Sun","2020-03-01","14:00 (15:00)","Everton",2.3,"1-1",1,"Manchester Utd",39374,"Goodison Park","Chris Kavanagh","Match Report",NA
29,"Sat","2020-03-07","12:30 (13:30)","Liverpool",1.4,"2-1",1.3,"Bournemouth",53323,"Anfield","Paul Tierney","Match Report",NA
29,"Sat","2020-03-07","15:00 (16:00)","Southampton",0.4,"0-1",2.8,"Newcastle Utd",30096,"St. Mary's Stadium","Graham Scott","Match Report",NA
29,"Sat","2020-03-07","15:00 (16:00)","Arsenal",1.1,"1-0",1.7,"West Ham",60335,"Emirates Stadium","Martin Atkinson","Match Report",NA
29,"Sat","2020-03-07","15:00 (16:00)","Sheffield Utd",0.9,"1-0",1.4,"Norwich City",31379,"Bramall Lane","Simon Hooper","Match Report",NA
29,"Sat","2020-03-07","15:00 (16:00)","Wolves",0.6,"0-0",0.3,"Brighton",31490,"Molineux Stadium","Andre Marriner","Match Report",NA
29,"Sat","2020-03-07","15:00 (16:00)","Crystal Palace",0.6,"1-0",0.5,"Watford",25461,"Selhurst Park","Anthony Taylor","Match Report",NA
29,"Sat","2020-03-07","17:30 (18:30)","Burnley",2.4,"1-1",1.2,"Tottenham",20496,"Turf Moor","Jonathan Moss","Match Report",NA
29,"Sun","2020-03-08","14:00 (15:00)","Chelsea",1.9,"4-0",0.6,"Everton",40694,"Stamford Bridge","Kevin Friend","Match Report",NA
29,"Sun","2020-03-08","16:30 (17:30)","Manchester Utd",1.4,"2-0",0.6,"Manchester City",73288,"Old Trafford","Mike Dean","Match Report",NA
29,"Mon","2020-03-09","20:00 (21:00)","Leicester City",2.3,"4-0",0.5,"Aston Villa",32125,"King Power Stadium","Michael Oliver","Match Report",NA
28,"Wed","2020-06-17","18:00 (19:00)","Aston Villa",1.3,"0-0",0.3,"Sheffield Utd",NA,"Villa Park","Michael Oliver","Match Report",NA
28,"Wed","2020-06-17","20:15 (21:15)","Manchester City",3.3,"3-0",0.2,"Arsenal",NA,"Etihad Stadium","Anthony Taylor","Match Report",NA
30,"Fri","2020-06-19","18:00 (19:00)","Norwich City",0.8,"0-3",1.7,"Southampton",NA,"Carrow Road","Kevin Friend","Match Report",NA
30,"Fri","2020-06-19","20:15 (21:15)","Tottenham",0.3,"1-1",1.7,"Manchester Utd",NA,"Tottenham Hotspur Stadium","Jonathan Moss","Match Report",NA
30,"Sat","2020-06-20","12:30 (13:30)","Watford",0.8,"1-1",0.8,"Leicester City",NA,"Vicarage Road Stadium","Craig Pawson","Match Report",NA
30,"Sat","2020-06-20","15:00 (16:00)","Brighton",1,"2-1",1.3,"Arsenal",NA,"The American Express Community Stadium","Martin Atkinson","Match Report",NA
30,"Sat","2020-06-20","17:30 (18:30)","West Ham",0.3,"0-2",0.7,"Wolves",NA,"London Stadium","Anthony Taylor","Match Report",NA
30,"Sat","2020-06-20","19:45 (20:45)","Bournemouth",0.8,"0-2",0.6,"Crystal Palace",NA,"Vitality Stadium","Stuart Attwell","Match Report",NA
30,"Sun","2020-06-21","14:00 (15:00)","Newcastle Utd",1.6,"3-0",0.4,"Sheffield Utd",NA,"St. James' Park","David Coote","Match Report",NA
30,"Sun","2020-06-21","16:15 (17:15)","Aston Villa",1.1,"1-2",1.3,"Chelsea",NA,"Villa Park","Paul Tierney","Match Report",NA
30,"Sun","2020-06-21","19:00 (20:00)","Everton",1.3,"0-0",0.8,"Liverpool",NA,"Goodison Park","Mike Dean","Match Report",NA
30,"Mon","2020-06-22","20:00 (21:00)","Manchester City",3,"5-0",0,"Burnley",NA,"Etihad Stadium","Andre Marriner","Match Report",NA
31,"Tue","2020-06-23","18:00 (19:00)","Leicester City",0.6,"0-0",1.2,"Brighton",NA,"King Power Stadium","Lee Mason","Match Report",NA
31,"Tue","2020-06-23","20:15 (21:15)","Tottenham",1.6,"2-0",0.8,"West Ham",NA,"Tottenham Hotspur Stadium","Craig Pawson","Match Report",NA
31,"Wed","2020-06-24","18:00 (19:00)","Newcastle Utd",0.7,"1-1",1.1,"Aston Villa",NA,"St. James' Park","Chris Kavanagh","Match Report",NA
31,"Wed","2020-06-24","18:00 (19:00)","Norwich City",0.4,"0-1",0.8,"Everton",NA,"Carrow Road","Andy Madley","Match Report",NA
31,"Wed","2020-06-24","18:00 (19:00)","Wolves",1.3,"1-0",0.1,"Bournemouth",NA,"Molineux Stadium","Michael Oliver","Match Report",NA
31,"Wed","2020-06-24","18:00 (19:00)","Manchester Utd",2.2,"3-0",0.2,"Sheffield Utd",NA,"Old Trafford","Anthony Taylor","Match Report",NA
31,"Wed","2020-06-24","20:15 (21:15)","Liverpool",2.5,"4-0",0.2,"Crystal Palace",NA,"Anfield","Martin Atkinson","Match Report",NA
31,"Thu","2020-06-25","18:00 (19:00)","Southampton",0.7,"0-2",2.7,"Arsenal",NA,"St. Mary's Stadium","Graham Scott","Match Report",NA
31,"Thu","2020-06-25","18:00 (19:00)","Burnley",1.1,"1-0",0.7,"Watford",NA,"Turf Moor","Mike Dean","Match Report",NA
31,"Thu","2020-06-25","20:15 (21:15)","Chelsea",3.1,"2-1",0.5,"Manchester City",NA,"Stamford Bridge","Stuart Attwell","Match Report",NA
32,"Sat","2020-06-27","12:30 (13:30)","Aston Villa",0.3,"0-1",0.4,"Wolves",NA,"Villa Park","Craig Pawson","Match Report",NA
32,"Sun","2020-06-28","16:30 (17:30)","Watford",0.4,"1-3",1.2,"Southampton",NA,"Vicarage Road Stadium","Michael Oliver","Match Report",NA
32,"Mon","2020-06-29","20:00 (21:00)","Crystal Palace",1.1,"0-1",0.5,"Burnley",NA,"Selhurst Park","Simon Hooper","Match Report",NA
32,"Tue","2020-06-30","20:15 (21:15)","Brighton",0.5,"0-3",0.8,"Manchester Utd",NA,"The American Express Community Stadium","Andre Marriner","Match Report",NA
32,"Wed","2020-07-01","18:00 (19:00)","Arsenal",2.1,"4-0",0.2,"Norwich City",NA,"Emirates Stadium","Peter Bankes","Match Report",NA
32,"Wed","2020-07-01","18:00 (19:00)","Bournemouth",1.4,"1-4",1.5,"Newcastle Utd",NA,"Vitality Stadium","Kevin Friend","Match Report",NA
32,"Wed","2020-07-01","18:00 (19:00)","Everton",1.1,"2-1",1.6,"Leicester City",NA,"Goodison Park","David Coote","Match Report",NA
32,"Wed","2020-07-01","20:15 (21:15)","West Ham",2.8,"3-2",1.6,"Chelsea",NA,"London Stadium","Martin Atkinson","Match Report",NA
32,"Thu","2020-07-02","18:00 (19:00)","Sheffield Utd",1.6,"3-1",1,"Tottenham",NA,"Bramall Lane","Chris Kavanagh","Match Report",NA
32,"Thu","2020-07-02","20:15 (21:15)","Manchester City",2.7,"4-0",1.3,"Liverpool",NA,"Etihad Stadium","Anthony Taylor","Match Report",NA
33,"Sat","2020-07-04","12:30 (13:30)","Norwich City",0.5,"0-1",0.5,"Brighton",NA,"Carrow Road","Stuart Attwell","Match Report",NA
33,"Sat","2020-07-04","15:00 (16:00)","Manchester Utd",2.2,"5-2",1.2,"Bournemouth",NA,"Old Trafford","Mike Dean","Match Report",NA
33,"Sat","2020-07-04","15:00 (16:00)","Leicester City",2.4,"3-0",0.5,"Crystal Palace",NA,"King Power Stadium","Jonathan Moss","Match Report",NA
33,"Sat","2020-07-04","17:30 (18:30)","Wolves",0.9,"0-2",1.2,"Arsenal",NA,"Molineux Stadium","Michael Oliver","Match Report",NA
33,"Sat","2020-07-04","20:00 (21:00)","Chelsea",2.3,"3-0",0.4,"Watford",NA,"Stamford Bridge","Kevin Friend","Match Report",NA
33,"Sun","2020-07-05","12:00 (13:00)","Burnley",1.5,"1-1",1.3,"Sheffield Utd",NA,"Turf Moor","Peter Bankes","Match Report",NA
33,"Sun","2020-07-05","14:15 (15:15)","Newcastle Utd",1,"2-2",1.6,"West Ham",NA,"St. James' Park","Craig Pawson","Match Report",NA
33,"Sun","2020-07-05","16:30 (17:30)","Liverpool",0.8,"2-0",0.5,"Aston Villa",NA,"Anfield","Paul Tierney","Match Report",NA
33,"Sun","2020-07-05","19:00 (20:00)","Southampton",0.8,"1-0",2.9,"Manchester City",NA,"St. Mary's Stadium","Andre Marriner","Match Report",NA
33,"Mon","2020-07-06","20:00 (21:00)","Tottenham",0.6,"1-0",0.4,"Everton",NA,"Tottenham Hotspur Stadium","Graham Scott","Match Report",NA
34,"Tue","2020-07-07","18:00 (19:00)","Watford",0.8,"2-1",1.4,"Norwich City",NA,"Vicarage Road Stadium","Anthony Taylor","Match Report",NA
34,"Tue","2020-07-07","18:00 (19:00)","Crystal Palace",1.4,"2-3",1.9,"Chelsea",NA,"Selhurst Park","David Coote","Match Report",NA
34,"Tue","2020-07-07","20:15 (21:15)","Arsenal",1.7,"1-1",1.7,"Leicester City",NA,"Emirates Stadium","Chris Kavanagh","Match Report",NA
34,"Wed","2020-07-08","18:00 (19:00)","Sheffield Utd",0.7,"1-0",0.4,"Wolves",NA,"Bramall Lane","Martin Atkinson","Match Report",NA
34,"Wed","2020-07-08","18:00 (19:00)","West Ham",1.8,"0-1",1,"Burnley",NA,"London Stadium","Michael Oliver","Match Report",NA
34,"Wed","2020-07-08","18:00 (19:00)","Manchester City",3.3,"5-0",0.2,"Newcastle Utd",NA,"Etihad Stadium","Andy Madley","Match Report",NA
34,"Wed","2020-07-08","20:15 (21:15)","Brighton",2.2,"1-3",1.9,"Liverpool",NA,"The American Express Community Stadium","Craig Pawson","Match Report",NA
34,"Thu","2020-07-09","18:00 (19:00)","Everton",1,"1-1",2.4,"Southampton",NA,"Goodison Park","Lee Mason","Match Report",NA
34,"Thu","2020-07-09","18:00 (19:00)","Bournemouth",1.1,"0-0",0.6,"Tottenham",NA,"Vitality Stadium","Paul Tierney","Match Report",NA
34,"Thu","2020-07-09","20:15 (21:15)","Aston Villa",0.5,"0-3",2.6,"Manchester Utd",NA,"Villa Park","Jonathan Moss","Match Report",NA
35,"Sat","2020-07-11","12:30 (13:30)","Norwich City",0.7,"0-4",2.7,"West Ham",NA,"Carrow Road","Kevin Friend","Match Report",NA
35,"Sat","2020-07-11","12:30 (13:30)","Watford",3,"2-1",1.4,"Newcastle Utd",NA,"Vicarage Road Stadium","Craig Pawson","Match Report",NA
35,"Sat","2020-07-11","15:00 (16:00)","Liverpool",2.1,"1-1",0.8,"Burnley",NA,"Anfield","David Coote","Match Report",NA
35,"Sat","2020-07-11","17:30 (18:30)","Sheffield Utd",1.9,"3-0",0.9,"Chelsea",NA,"Bramall Lane","Andre Marriner","Match Report",NA
35,"Sat","2020-07-11","20:00 (21:00)","Brighton",0.1,"0-5",5,"Manchester City",NA,"The American Express Community Stadium","Graham Scott","Match Report",NA
35,"Sun","2020-07-12","12:00 (13:00)","Wolves",2.4,"3-0",0.3,"Everton",NA,"Molineux Stadium","Anthony Taylor","Match Report",NA
35,"Sun","2020-07-12","14:15 (15:15)","Aston Villa",1.7,"2-0",1.3,"Crystal Palace",NA,"Villa Park","Martin Atkinson","Match Report",NA
35,"Sun","2020-07-12","16:30 (17:30)","Tottenham",1.5,"2-1",0.8,"Arsenal",NA,"Tottenham Hotspur Stadium","Michael Oliver","Match Report",NA
35,"Sun","2020-07-12","19:00 (20:00)","Bournemouth",1.8,"4-1",1.2,"Leicester City",NA,"Vitality Stadium","Stuart Attwell","Match Report",NA
35,"Mon","2020-07-13","20:00 (21:00)","Manchester Utd",1.2,"2-2",1.6,"Southampton",NA,"Old Trafford","Chris Kavanagh","Match Report",NA
36,"Tue","2020-07-14","20:15 (21:15)","Chelsea",2.4,"1-0",0,"Norwich City",NA,"Stamford Bridge","Jonathan Moss","Match Report",NA
36,"Wed","2020-07-15","18:00 (19:00)","Burnley",1.8,"1-1",1.1,"Wolves",NA,"Turf Moor","Mike Dean","Match Report",NA
36,"Wed","2020-07-15","18:00 (19:00)","Newcastle Utd",1.1,"1-3",1.3,"Tottenham",NA,"St. James' Park","David Coote","Match Report",NA
36,"Wed","2020-07-15","18:00 (19:00)","Manchester City",0.8,"2-1",1.7,"Bournemouth",NA,"Etihad Stadium","Lee Mason","Match Report",NA
36,"Wed","2020-07-15","20:15 (21:15)","Arsenal",1.1,"2-1",2.8,"Liverpool",NA,"Emirates Stadium","Paul Tierney","Match Report",NA
36,"Thu","2020-07-16","18:00 (19:00)","Leicester City",2.2,"2-0",0.2,"Sheffield Utd",NA,"King Power Stadium","Michael Oliver","Match Report",NA
36,"Thu","2020-07-16","18:00 (19:00)","Everton",0.6,"1-1",1.5,"Aston Villa",NA,"Goodison Park","Anthony Taylor","Match Report",NA
36,"Thu","2020-07-16","20:15 (21:15)","Southampton",1.9,"1-1",0.8,"Brighton",NA,"St. Mary's Stadium","Andre Marriner","Match Report",NA
36,"Thu","2020-07-16","20:15 (21:15)","Crystal Palace",0.8,"0-2",1.8,"Manchester Utd",NA,"Selhurst Park","Graham Scott","Match Report",NA
36,"Fri","2020-07-17","20:00 (21:00)","West Ham",0.7,"3-1",1.5,"Watford",NA,"London Stadium","Martin Atkinson","Match Report",NA
37,"Sat","2020-07-18","17:30 (18:30)","Norwich City",0.3,"0-2",1.8,"Burnley",NA,"Carrow Road","Kevin Friend","Match Report",NA
37,"Sun","2020-07-19","14:00 (15:00)","Bournemouth",1.1,"0-2",2.1,"Southampton",NA,"Vitality Stadium","Craig Pawson","Match Report",NA
37,"Sun","2020-07-19","16:00 (17:00)","Tottenham",0.5,"3-0",1.7,"Leicester City",NA,"Tottenham Hotspur Stadium","Anthony Taylor","Match Report",NA
37,"Mon","2020-07-20","18:00 (19:00)","Sheffield Utd",0.5,"0-1",0.3,"Everton",NA,"Bramall Lane","Stuart Attwell","Match Report",NA
37,"Mon","2020-07-20","18:00 (19:00)","Brighton",0.6,"0-0",0.7,"Newcastle Utd",NA,"The American Express Community Stadium","Simon Hooper","Match Report",NA
37,"Mon","2020-07-20","20:15 (21:15)","Wolves",1.5,"2-0",0.3,"Crystal Palace",NA,"Molineux Stadium","Peter Bankes","Match Report",NA
37,"Tue","2020-07-21","18:00 (19:00)","Watford",0.1,"0-4",3.5,"Manchester City",NA,"Vicarage Road Stadium","Michael Oliver","Match Report",NA
37,"Tue","2020-07-21","20:15 (21:15)","Aston Villa",0.6,"1-0",0.7,"Arsenal",NA,"Villa Park","Chris Kavanagh","Match Report",NA
37,"Wed","2020-07-22","18:00 (19:00)","Manchester Utd",0.7,"1-1",1.8,"West Ham",NA,"Old Trafford","Paul Tierney","Match Report",NA
37,"Wed","2020-07-22","20:15 (21:15)","Liverpool",1.4,"5-3",2.3,"Chelsea",NA,"Anfield","Andre Marriner","Match Report",NA
38,"Sun","2020-07-26","16:00 (17:00)","Burnley",1.8,"1-2",1.1,"Brighton",NA,"Turf Moor","Jonathan Moss","Match Report",NA
38,"Sun","2020-07-26","16:00 (17:00)","West Ham",0.7,"1-1",1.2,"Aston Villa",NA,"London Stadium","Michael Oliver","Match Report",NA
38,"Sun","2020-07-26","16:00 (17:00)","Arsenal",1.7,"3-2",3.4,"Watford",NA,"Emirates Stadium","Mike Dean","Match Report",NA
38,"Sun","2020-07-26","16:00 (17:00)","Crystal Palace",0.8,"1-1",0.4,"Tottenham",NA,"Selhurst Park","Andre Marriner","Match Report",NA
38,"Sun","2020-07-26","16:00 (17:00)","Everton",2.2,"1-3",1.8,"Bournemouth",NA,"Goodison Park","Chris Kavanagh","Match Report",NA
38,"Sun","2020-07-26","16:00 (17:00)","Chelsea",1.3,"2-0",0.2,"Wolves",NA,"Stamford Bridge","Stuart Attwell","Match Report",NA
38,"Sun","2020-07-26","16:00 (17:00)","Newcastle Utd",0.4,"1-3",0.6,"Liverpool",NA,"St. James' Park","Anthony Taylor","Match Report",NA
38,"Sun","2020-07-26","16:00 (17:00)","Leicester City",1.4,"0-2",1.9,"Manchester Utd",NA,"King Power Stadium","Martin Atkinson","Match Report",NA
38,"Sun","2020-07-26","16:00 (17:00)","Manchester City",3.2,"5-0",1.1,"Norwich City",NA,"Etihad Stadium","Craig Pawson","Match Report",NA
38,"Sun","2020-07-26","16:00 (17:00)","Southampton",2.2,"3-1",1.4,"Sheffield Utd",NA,"St. Mary's Stadium","Peter Bankes","Match Report",NA
