"Wk","Day","Date","Time","Home","xG","Score","xG.1","Away","Attendance","Venue","Referee","Match.Report","Notes"
1,"Fri","2021-08-13","20:00 (21:00)","Brentford",1.3,"2-0",1.4,"Arsenal",16479,"Brentford Community Stadium","Michael Oliver","Match Report",NA
1,"Sat","2021-08-14","12:30 (13:30)","Manchester Utd",1.5,"5-1",0.6,"Leeds United",72732,"Old Trafford","Paul Tierney","Match Report",NA
1,"Sat","2021-08-14","15:00 (16:00)","Watford",1.2,"3-2",1.1,"Aston Villa",20051,"Vicarage Road Stadium","Mike Dean","Match Report",NA
1,"Sat","2021-08-14","15:00 (16:00)","Chelsea",0.9,"3-0",0.3,"Crystal Palace",38965,"Stamford Bridge","Jonathan Moss","Match Report",NA
1,"Sat","2021-08-14","15:00 (16:00)","Everton",2.4,"3-1",0.7,"Southampton",38487,"Goodison Park","Andy Madley","Match Report",NA
1,"Sat","2021-08-14","15:00 (16:00)","Burnley",1,"1-2",1.3,"Brighton",16910,"Turf Moor","David Coote","Match Report",NA
1,"Sat","2021-08-14","15:00 (16:00)","Leicester City",0.8,"1-0",1.1,"Wolves",31983,"King Power Stadium","Craig Pawson","Match Report",NA
1,"Sat","2021-08-14","17:30 (18:30)","Norwich City",1.4,"0-3",2,"Liverpool",27023,"Carrow Road","Andre Marriner","Match Report",NA
1,"Sun","2021-08-15","14:00 (15:00)","Newcastle Utd",1.5,"2-4",2.3,"West Ham",50673,"St. James' Park","Martin Atkinson","Match Report",NA
1,"Sun","2021-08-15","16:30 (17:30)","Tottenham",1.3,"1-0",1.9,"Manchester City",58262,"Tottenham Hotspur Stadium","Anthony Taylor","Match Report",NA
2,"Sat","2021-08-21","12:30 (13:30)","Liverpool",2.9,"2-0",0.7,"Burnley",52591,"Anfield","Mike Dean","Match Report",NA
2,"Sat","2021-08-21","15:00 (16:00)","Leeds United",1.5,"2-2",2,"Everton",36293,"Elland Road","Darren England","Match Report",NA
2,"Sat","2021-08-21","15:00 (16:00)","Aston Villa",1.1,"2-0",0.7,"Newcastle Utd",41964,"Villa Park","David Coote","Match Report",NA
2,"Sat","2021-08-21","15:00 (16:00)","Crystal Palace",0.6,"0-0",0.9,"Brentford",23091,"Selhurst Park","Martin Atkinson","Match Report",NA
2,"Sat","2021-08-21","15:00 (16:00)","Manchester City",2.7,"5-0",0.1,"Norwich City",51437,"Etihad Stadium","Graham Scott","Match Report",NA
2,"Sat","2021-08-21","17:30 (18:30)","Brighton",1.5,"2-0",0.9,"Watford",29485,"The American Express Community Stadium","Anthony Taylor","Match Report",NA
2,"Sun","2021-08-22","14:00 (15:00)","Southampton",0.8,"1-1",1.4,"Manchester Utd",32000,"St. Mary's Stadium","Craig Pawson","Match Report",NA
2,"Sun","2021-08-22","14:00 (15:00)","Wolves",1.4,"0-1",1.5,"Tottenham",30368,"Molineux Stadium","Stuart Attwell","Match Report",NA
2,"Sun","2021-08-22","16:30 (17:30)","Arsenal",0.3,"0-2",2.9,"Chelsea",58729,"Emirates Stadium","Paul Tierney","Match Report",NA
2,"Mon","2021-08-23","20:00 (21:00)","West Ham",2.5,"4-1",0.8,"Leicester City",59901,"London Stadium","Michael Oliver","Match Report",NA
3,"Sat","2021-08-28","12:30 (13:30)","Manchester City",3.8,"5-0",0.1,"Arsenal",52276,"Etihad Stadium","Martin Atkinson","Match Report",NA
3,"Sat","2021-08-28","15:00 (16:00)","West Ham",1.2,"2-2",0.7,"Crystal Palace",59751,"London Stadium","Stuart Attwell","Match Report",NA
3,"Sat","2021-08-28","15:00 (16:00)","Norwich City",1.6,"1-2",1.3,"Leicester City",26765,"Carrow Road","Robert Jones","Match Report",NA
3,"Sat","2021-08-28","15:00 (16:00)","Brighton",1,"0-2",1.6,"Everton",30548,"The American Express Community Stadium","Jonathan Moss","Match Report",NA
3,"Sat","2021-08-28","15:00 (16:00)","Newcastle Utd",1.4,"2-2",3.6,"Southampton",44017,"St. James' Park","Paul Tierney","Match Report",NA
3,"Sat","2021-08-28","15:00 (16:00)","Aston Villa",0.6,"1-1",1.1,"Brentford",42045,"Villa Park","Peter Bankes","Match Report",NA
3,"Sat","2021-08-28","17:30 (18:30)","Liverpool",2.6,"1-1",0.8,"Chelsea",54000,"Anfield","Anthony Taylor","Match Report",NA
3,"Sun","2021-08-29","14:00 (15:00)","Burnley",1.4,"1-1",1.5,"Leeds United",20000,"Turf Moor","Michael Oliver","Match Report",NA
3,"Sun","2021-08-29","14:00 (15:00)","Tottenham",0.9,"1-0",0.6,"Watford",57672,"Tottenham Hotspur Stadium","Andre Marriner","Match Report",NA
3,"Sun","2021-08-29","16:30 (17:30)","Wolves",1.8,"0-1",0.6,"Manchester Utd",30621,"Molineux Stadium","Mike Dean","Match Report",NA
4,"Sat","2021-09-11","12:30 (13:30)","Crystal Palace",2.4,"3-0",0.1,"Tottenham",26000,"Selhurst Park","Jonathan Moss","Match Report",NA
4,"Sat","2021-09-11","15:00 (16:00)","Southampton",0.8,"0-0",0.6,"West Ham",30000,"St. Mary's Stadium","David Coote","Match Report",NA
4,"Sat","2021-09-11","15:00 (16:00)","Manchester Utd",2.1,"4-1",0.7,"Newcastle Utd",72732,"Old Trafford","Anthony Taylor","Match Report",NA
4,"Sat","2021-09-11","15:00 (16:00)","Arsenal",2.8,"1-0",0.6,"Norwich City",58000,"Emirates Stadium","Michael Oliver","Match Report",NA
4,"Sat","2021-09-11","15:00 (16:00)","Leicester City",0.8,"0-1",2.9,"Manchester City",32087,"King Power Stadium","Paul Tierney","Match Report",NA
4,"Sat","2021-09-11","15:00 (16:00)","Watford",0.2,"0-2",2.1,"Wolves",20019,"Vicarage Road Stadium","Peter Bankes","Match Report",NA
4,"Sat","2021-09-11","15:00 (16:00)","Brentford",0.7,"0-1",0.2,"Brighton",16518,"Brentford Community Stadium","Graham Scott","Match Report",NA
4,"Sat","2021-09-11","17:30 (18:30)","Chelsea",1.1,"3-0",1.5,"Aston Villa",39969,"Stamford Bridge","Stuart Attwell","Match Report",NA
4,"Sun","2021-09-12","16:30 (17:30)","Leeds United",1.2,"0-3",4,"Liverpool",36507,"Elland Road","Craig Pawson","Match Report",NA
4,"Mon","2021-09-13","20:00 (21:00)","Everton",1.3,"3-1",1.3,"Burnley",30000,"Goodison Park","Martin Atkinson","Match Report",NA
5,"Fri","2021-09-17","20:00 (21:00)","Newcastle Utd",1.3,"1-1",2,"Leeds United",50407,"St. James' Park","Mike Dean","Match Report",NA
5,"Sat","2021-09-18","12:30 (13:30)","Wolves",0.6,"0-2",2.5,"Brentford",30000,"Molineux Stadium","Darren England","Match Report",NA
5,"Sat","2021-09-18","15:00 (16:00)","Liverpool",2.7,"3-0",0.8,"Crystal Palace",52000,"Anfield","Andy Madley","Match Report",NA
5,"Sat","2021-09-18","15:00 (16:00)","Norwich City",1,"1-3",1.8,"Watford",26649,"Carrow Road","Robert Jones","Match Report",NA
5,"Sat","2021-09-18","15:00 (16:00)","Manchester City",1.1,"0-0",0.4,"Southampton",52698,"Etihad Stadium","Jonathan Moss","Match Report",NA
5,"Sat","2021-09-18","15:00 (16:00)","Burnley",1.3,"0-1",1.2,"Arsenal",20000,"Turf Moor","Anthony Taylor","Match Report",NA
5,"Sat","2021-09-18","17:30 (18:30)","Aston Villa",1.3,"3-0",0.7,"Everton",41888,"Villa Park","Craig Pawson","Match Report",NA
5,"Sun","2021-09-19","14:00 (15:00)","West Ham",1.6,"1-2",1.8,"Manchester Utd",60000,"London Stadium","Martin Atkinson","Match Report",NA
5,"Sun","2021-09-19","14:00 (15:00)","Brighton",1.4,"2-1",1.7,"Leicester City",31078,"The American Express Community Stadium","Stuart Attwell","Match Report",NA
5,"Sun","2021-09-19","16:30 (17:30)","Tottenham",0.7,"0-3",1.9,"Chelsea",60059,"Tottenham Hotspur Stadium","Paul Tierney","Match Report",NA
6,"Sat","2021-09-25","12:30 (13:30)","Chelsea",0.3,"0-1",1.7,"Manchester City",40036,"Stamford Bridge","Michael Oliver","Match Report",NA
6,"Sat","2021-09-25","12:30 (13:30)","Manchester Utd",2.3,"0-1",1.2,"Aston Villa",72922,"Old Trafford","Mike Dean","Match Report",NA
6,"Sat","2021-09-25","15:00 (16:00)","Everton",2.1,"2-0",0.6,"Norwich City",38821,"Goodison Park","David Coote","Match Report",NA
6,"Sat","2021-09-25","15:00 (16:00)","Leeds United",1.3,"1-2",1.8,"West Ham",36417,"Elland Road","Kevin Friend","Match Report",NA
6,"Sat","2021-09-25","15:00 (16:00)","Watford",1.1,"1-1",2.5,"Newcastle Utd",20650,"Vicarage Road Stadium","Jarred Gillett","Match Report",NA
6,"Sat","2021-09-25","15:00 (16:00)","Leicester City",2.6,"2-2",0.7,"Burnley",31650,"King Power Stadium","Chris Kavanagh","Match Report",NA
6,"Sat","2021-09-25","17:30 (18:30)","Brentford",1.9,"3-3",2.5,"Liverpool",16876,"Brentford Community Stadium","Stuart Attwell","Match Report",NA
6,"Sun","2021-09-26","14:00 (15:00)","Southampton",1.2,"0-1",1,"Wolves",28002,"St. Mary's Stadium","Andy Madley","Match Report",NA
6,"Sun","2021-09-26","16:30 (17:30)","Arsenal",0.8,"3-1",1,"Tottenham",59919,"Emirates Stadium","Craig Pawson","Match Report",NA
6,"Mon","2021-09-27","20:00 (21:00)","Crystal Palace",1.4,"1-1",0.6,"Brighton",22975,"Selhurst Park","Andre Marriner","Match Report",NA
7,"Sat","2021-10-02","12:30 (13:30)","Manchester Utd",0.9,"1-1",1.1,"Everton",73128,"Old Trafford","Michael Oliver","Match Report",NA
7,"Sat","2021-10-02","15:00 (16:00)","Leeds United",1.9,"1-0",0.2,"Watford",36261,"Elland Road","Simon Hooper","Match Report",NA
7,"Sat","2021-10-02","15:00 (16:00)","Wolves",0.9,"2-1",0.6,"Newcastle Utd",30483,"Molineux Stadium","Graham Scott","Match Report",NA
7,"Sat","2021-10-02","15:00 (16:00)","Burnley",1,"0-0",0.5,"Norwich City",17427,"Turf Moor","Kevin Friend","Match Report",NA
7,"Sat","2021-10-02","15:00 (16:00)","Chelsea",3.6,"3-1",1.3,"Southampton",40109,"Stamford Bridge","Martin Atkinson","Match Report",NA
7,"Sat","2021-10-02","17:30 (18:30)","Brighton",1.4,"0-0",0.5,"Arsenal",31266,"The American Express Community Stadium","Jonathan Moss","Match Report",NA
7,"Sun","2021-10-03","14:00 (15:00)","Crystal Palace",1.3,"2-2",1.7,"Leicester City",25000,"Selhurst Park","Anthony Taylor","Match Report",NA
7,"Sun","2021-10-03","14:00 (15:00)","West Ham",1.3,"1-2",1.2,"Brentford",49940,"London Stadium","Peter Bankes","Match Report",NA
7,"Sun","2021-10-03","14:00 (15:00)","Tottenham",1.7,"2-1",1.1,"Aston Villa",53076,"Tottenham Hotspur Stadium","Chris Kavanagh","Match Report",NA
7,"Sun","2021-10-03","16:30 (17:30)","Liverpool",1,"2-2",1.2,"Manchester City",53102,"Anfield","Paul Tierney","Match Report",NA
8,"Sat","2021-10-16","12:30 (13:30)","Watford",0.5,"0-5",3.6,"Liverpool",21085,"Vicarage Road Stadium","Jonathan Moss","Match Report",NA
8,"Sat","2021-10-16","15:00 (16:00)","Leicester City",3.1,"4-2",1.4,"Manchester Utd",32219,"King Power Stadium","Craig Pawson","Match Report",NA
8,"Sat","2021-10-16","15:00 (16:00)","Southampton",2.3,"1-0",0.2,"Leeds United",30506,"St. Mary's Stadium","David Coote","Match Report",NA
8,"Sat","2021-10-16","15:00 (16:00)","Manchester City",1.9,"2-0",1,"Burnley",52711,"Etihad Stadium","Martin Atkinson","Match Report",NA
8,"Sat","2021-10-16","15:00 (16:00)","Aston Villa",1.1,"2-3",2,"Wolves",41951,"Villa Park","Michael Oliver","Match Report",NA
8,"Sat","2021-10-16","15:00 (16:00)","Norwich City",1,"0-0",0.9,"Brighton",26777,"Carrow Road","Peter Bankes","Match Report",NA
8,"Sat","2021-10-16","17:30 (18:30)","Brentford",1.6,"0-1",0.3,"Chelsea",16940,"Brentford Community Stadium","Anthony Taylor","Match Report",NA
8,"Sun","2021-10-17","14:00 (15:00)","Everton",0.8,"0-1",1.5,"West Ham",39132,"Goodison Park","Stuart Attwell","Match Report",NA
8,"Sun","2021-10-17","16:30 (17:30)","Newcastle Utd",0.5,"2-3",1.6,"Tottenham",52214,"St. James' Park","Andre Marriner","Match Report",NA
8,"Mon","2021-10-18","20:00 (21:00)","Arsenal",1.4,"2-2",0.9,"Crystal Palace",59475,"Emirates Stadium","Mike Dean","Match Report",NA
9,"Fri","2021-10-22","20:00 (21:00)","Arsenal",2.7,"3-1",1.4,"Aston Villa",59496,"Emirates Stadium","Craig Pawson","Match Report",NA
9,"Sat","2021-10-23","12:30 (13:30)","Chelsea",3.2,"7-0",0.2,"Norwich City",40113,"Stamford Bridge","Andy Madley","Match Report",NA
9,"Sat","2021-10-23","15:00 (16:00)","Southampton",1.6,"2-2",0.7,"Burnley",29145,"St. Mary's Stadium","Chris Kavanagh","Match Report",NA
9,"Sat","2021-10-23","15:00 (16:00)","Crystal Palace",1.7,"1-1",0.4,"Newcastle Utd",24609,"Selhurst Park","Darren England","Match Report",NA
9,"Sat","2021-10-23","15:00 (16:00)","Everton",2.3,"2-5",3.2,"Watford",38834,"Goodison Park","Graham Scott","Match Report",NA
9,"Sat","2021-10-23","15:00 (16:00)","Leeds United",1.9,"1-1",1,"Wolves",36475,"Elland Road","Robert Jones","Match Report",NA
9,"Sat","2021-10-23","17:30 (18:30)","Brighton",1.3,"1-4",3.9,"Manchester City",31215,"The American Express Community Stadium","Kevin Friend","Match Report",NA
9,"Sun","2021-10-24","14:00 (15:00)","West Ham",1.2,"1-0",0.7,"Tottenham",59924,"London Stadium","Paul Tierney","Match Report",NA
9,"Sun","2021-10-24","14:00 (15:00)","Brentford",1.2,"1-2",1.5,"Leicester City",16814,"Brentford Community Stadium","Simon Hooper","Match Report",NA
9,"Sun","2021-10-24","16:30 (17:30)","Manchester Utd",1.5,"0-5",3.8,"Liverpool",73088,"Old Trafford","Anthony Taylor","Match Report",NA
10,"Sat","2021-10-30","12:30 (13:30)","Leicester City",1.2,"0-2",0.9,"Arsenal",32209,"King Power Stadium","Michael Oliver","Match Report",NA
10,"Sat","2021-10-30","15:00 (16:00)","Watford",1.2,"0-1",2,"Southampton",20869,"Vicarage Road Stadium","Peter Bankes","Match Report",NA
10,"Sat","2021-10-30","15:00 (16:00)","Newcastle Utd",0.3,"0-3",2.1,"Chelsea",52208,"St. James' Park","Paul Tierney","Match Report",NA
10,"Sat","2021-10-30","15:00 (16:00)","Liverpool",1.1,"2-2",1.1,"Brighton",52598,"Anfield","Mike Dean","Match Report",NA
10,"Sat","2021-10-30","15:00 (16:00)","Burnley",2.2,"3-1",0.7,"Brentford",18821,"Turf Moor","Jonathan Moss","Match Report",NA
10,"Sat","2021-10-30","15:00 (16:00)","Manchester City",1.1,"0-2",1.1,"Crystal Palace",53014,"Etihad Stadium","Andre Marriner","Match Report",NA
10,"Sat","2021-10-30","17:30 (18:30)","Tottenham",0.7,"0-3",1.2,"Manchester Utd",60356,"Tottenham Hotspur Stadium","Stuart Attwell","Match Report",NA
10,"Sun","2021-10-31","14:00 (15:00)","Norwich City",0.9,"1-2",1,"Leeds United",26913,"Carrow Road","Anthony Taylor","Match Report",NA
10,"Sun","2021-10-31","16:30 (17:30)","Aston Villa",0.7,"1-4",2.3,"West Ham",41874,"Villa Park","Chris Kavanagh","Match Report",NA
10,"Mon","2021-11-01","20:00 (21:00)","Wolves",1.6,"2-1",1.5,"Everton",30617,"Molineux Stadium","Martin Atkinson","Match Report",NA
11,"Fri","2021-11-05","20:00 (21:00)","Southampton",0.8,"1-0",0.6,"Aston Villa",30178,"St. Mary's Stadium","Andy Madley","Match Report",NA
11,"Sat","2021-11-06","12:30 (13:30)","Manchester Utd",0.6,"0-2",2,"Manchester City",73086,"Old Trafford","Michael Oliver","Match Report",NA
11,"Sat","2021-11-06","15:00 (16:00)","Crystal Palace",2,"2-0",0.2,"Wolves",24390,"Selhurst Park","Graham Scott","Match Report",NA
11,"Sat","2021-11-06","15:00 (16:00)","Chelsea",2.2,"1-1",1,"Burnley",39798,"Stamford Bridge","Andre Marriner","Match Report",NA
11,"Sat","2021-11-06","15:00 (16:00)","Brentford",2.2,"1-2",1.4,"Norwich City",16837,"Brentford Community Stadium","Jarred Gillett","Match Report",NA
11,"Sat","2021-11-06","17:30 (18:30)","Brighton",1.6,"1-1",0.2,"Newcastle Utd",31267,"The American Express Community Stadium","David Coote","Match Report",NA
11,"Sun","2021-11-07","14:00 (15:00)","Leeds United",1.2,"1-1",1.1,"Leicester City",36478,"Elland Road","Darren England","Match Report",NA
11,"Sun","2021-11-07","14:00 (15:00)","Everton",0.5,"0-0",0.8,"Tottenham",39059,"Goodison Park","Chris Kavanagh","Match Report",NA
11,"Sun","2021-11-07","14:00 (15:00)","Arsenal",1.7,"1-0",0.7,"Watford",59833,"Emirates Stadium","Kevin Friend","Match Report",NA
11,"Sun","2021-11-07","16:30 (17:30)","West Ham",1,"3-2",1.4,"Liverpool",59909,"London Stadium","Craig Pawson","Match Report",NA
12,"Sat","2021-11-20","12:30 (13:30)","Leicester City",0.4,"0-3",2.4,"Chelsea",35497,"King Power Stadium","Paul Tierney","Match Report",NA
12,"Sat","2021-11-20","15:00 (16:00)","Newcastle Utd",1.6,"3-3",0.8,"Brentford",52131,"St. James' Park","Robert Jones","Match Report",NA
12,"Sat","2021-11-20","15:00 (16:00)","Aston Villa",0.6,"2-0",0.4,"Brighton",41925,"Villa Park","Anthony Taylor","Match Report",NA
12,"Sat","2021-11-20","15:00 (16:00)","Watford",2.2,"4-1",1.6,"Manchester Utd",21087,"Vicarage Road Stadium","Jonathan Moss","Match Report",NA
12,"Sat","2021-11-20","15:00 (16:00)","Norwich City",0.5,"2-1",1.1,"Southampton",26885,"Carrow Road","Martin Atkinson","Match Report",NA
12,"Sat","2021-11-20","15:00 (16:00)","Wolves",1.2,"1-0",0.5,"West Ham",30667,"Molineux Stadium","Mike Dean","Match Report",NA
12,"Sat","2021-11-20","15:00 (16:00)","Burnley",1.3,"3-3",2,"Crystal Palace",18028,"Turf Moor","Simon Hooper","Match Report",NA
12,"Sat","2021-11-20","17:30 (18:30)","Liverpool",4.3,"4-0",0.4,"Arsenal",53092,"Anfield","Michael Oliver","Match Report",NA
12,"Sun","2021-11-21","14:00 (15:00)","Manchester City",2.3,"3-0",0.3,"Everton",52571,"Etihad Stadium","Stuart Attwell","Match Report",NA
12,"Sun","2021-11-21","16:30 (17:30)","Tottenham",2,"2-1",1.1,"Leeds United",58989,"Tottenham Hotspur Stadium","Andre Marriner","Match Report",NA
13,"Sat","2021-11-27","12:30 (13:30)","Arsenal",2,"2-0",0.2,"Newcastle Utd",59886,"Emirates Stadium","Stuart Attwell","Match Report",NA
13,"Sat","2021-11-27","15:00 (16:00)","Crystal Palace",0.9,"1-2",0.4,"Aston Villa",25203,"Selhurst Park","Michael Salisbury","Match Report",NA
13,"Sat","2021-11-27","15:00 (16:00)","Norwich City",1.5,"0-0",0.3,"Wolves",26911,"Carrow Road","Simon Hooper","Match Report",NA
13,"Sat","2021-11-27","15:00 (16:00)","Liverpool",2.5,"4-0",1,"Southampton",53040,"Anfield","Andre Marriner","Match Report",NA
13,"Sat","2021-11-27","17:30 (18:30)","Brighton",2.1,"0-0",0.9,"Leeds United",31166,"The American Express Community Stadium","Craig Pawson","Match Report",NA
13,"Sun","2021-11-28","14:00 (15:00)","Brentford",1.2,"1-0",0.9,"Everton",16957,"Brentford Community Stadium","Darren England","Match Report",NA
13,"Sun","2021-11-28","14:00 (15:00)","Leicester City",2.2,"4-2",2.7,"Watford",32020,"King Power Stadium","Andy Madley","Match Report",NA
13,"Sun","2021-11-28","14:00 (15:00)","Manchester City",2.1,"2-1",0.2,"West Ham",53245,"Etihad Stadium","Michael Oliver","Match Report",NA
13,"Sun","2021-11-28","16:30 (17:30)","Chelsea",2.9,"1-1",0.7,"Manchester Utd",40041,"Stamford Bridge","Anthony Taylor","Match Report",NA
14,"Tue","2021-11-30","19:30 (20:30)","Newcastle Utd",1.1,"1-1",1.4,"Norwich City",50757,"St. James' Park","Andy Madley","Match Report",NA
14,"Tue","2021-11-30","20:15 (21:15)","Leeds United",1.7,"1-0",1,"Crystal Palace",35558,"Elland Road","Kevin Friend","Match Report",NA
14,"Wed","2021-12-01","19:30 (20:30)","Wolves",0.7,"0-0",0.2,"Burnley",30328,"Molineux Stadium","John Brooks","Match Report",NA
14,"Wed","2021-12-01","19:30 (20:30)","Southampton",1.5,"2-2",1.5,"Leicester City",26951,"St. Mary's Stadium","Robert Jones","Match Report",NA
14,"Wed","2021-12-01","19:30 (20:30)","Watford",1,"1-2",1.3,"Chelsea",20388,"Vicarage Road Stadium","David Coote","Match Report",NA
14,"Wed","2021-12-01","19:30 (20:30)","West Ham",1.6,"1-1",1.1,"Brighton",59626,"London Stadium","Chris Kavanagh","Match Report",NA
14,"Wed","2021-12-01","20:15 (21:15)","Everton",0.6,"1-4",2.1,"Liverpool",39641,"Goodison Park","Paul Tierney","Match Report",NA
14,"Wed","2021-12-01","20:15 (21:15)","Aston Villa",0.9,"1-2",0.9,"Manchester City",41400,"Villa Park","Mike Dean","Match Report",NA
14,"Thu","2021-12-02","19:30 (20:30)","Tottenham",2.4,"2-0",0.3,"Brentford",54202,"Tottenham Hotspur Stadium","Jonathan Moss","Match Report",NA
14,"Thu","2021-12-02","20:15 (21:15)","Manchester Utd",1.9,"3-2",1.5,"Arsenal",73123,"Old Trafford","Martin Atkinson","Match Report",NA
15,"Sat","2021-12-04","12:30 (13:30)","West Ham",1.8,"3-2",1.2,"Chelsea",59942,"London Stadium","Andre Marriner","Match Report",NA
15,"Sat","2021-12-04","15:00 (16:00)","Wolves",0.2,"0-1",2.5,"Liverpool",30729,"Molineux Stadium","Chris Kavanagh","Match Report",NA
15,"Sat","2021-12-04","15:00 (16:00)","Southampton",1.4,"1-1",1.4,"Brighton",28706,"St. Mary's Stadium","Anthony Taylor","Match Report",NA
15,"Sat","2021-12-04","15:00 (16:00)","Newcastle Utd",1.3,"1-0",0.7,"Burnley",51948,"St. James' Park","Paul Tierney","Match Report",NA
15,"Sat","2021-12-04","17:30 (18:30)","Watford",0.7,"1-3",3.6,"Manchester City",20673,"Vicarage Road Stadium","Simon Hooper","Match Report",NA
15,"Sun","2021-12-05","14:00 (15:00)","Tottenham",1.7,"3-0",1.6,"Norwich City",57088,"Tottenham Hotspur Stadium","Jarred Gillett","Match Report",NA
15,"Sun","2021-12-05","14:00 (15:00)","Manchester Utd",1.1,"1-0",0.9,"Crystal Palace",73172,"Old Trafford","Craig Pawson","Match Report",NA
15,"Sun","2021-12-05","14:00 (15:00)","Leeds United",1.2,"2-2",1,"Brentford",35639,"Elland Road","David Coote","Match Report",NA
15,"Sun","2021-12-05","16:30 (17:30)","Aston Villa",2,"2-1",1.4,"Leicester City",41572,"Villa Park","Michael Oliver","Match Report",NA
15,"Mon","2021-12-06","20:00 (21:00)","Everton",1,"2-1",1.2,"Arsenal",38906,"Goodison Park","Mike Dean","Match Report",NA
16,"Fri","2021-12-10","20:00 (21:00)","Brentford",1.9,"2-1",0.6,"Watford",16861,"Brentford Community Stadium","Michael Oliver","Match Report",NA
16,"Sat","2021-12-11","12:30 (13:30)","Manchester City",3.5,"1-0",0.2,"Wolves",52613,"Etihad Stadium","Jonathan Moss","Match Report",NA
16,"Sat","2021-12-11","15:00 (16:00)","Liverpool",2.5,"1-0",0.4,"Aston Villa",53093,"Anfield","Stuart Attwell","Match Report",NA
16,"Sat","2021-12-11","15:00 (16:00)","Chelsea",2.8,"3-2",1.4,"Leeds United",39959,"Stamford Bridge","Chris Kavanagh","Match Report",NA
16,"Sat","2021-12-11","15:00 (16:00)","Arsenal",1.5,"3-0",0.6,"Southampton",59653,"Emirates Stadium","Jarred Gillett","Match Report",NA
16,"Sat","2021-12-11","17:30 (18:30)","Norwich City",0.9,"0-1",2,"Manchester Utd",27606,"Carrow Road","Darren England","Match Report",NA
16,"Sun","2021-12-12","14:00 (15:00)","Burnley",0.6,"0-0",0.6,"West Ham",18065,"Turf Moor","Graham Scott","Match Report",NA
16,"Sun","2021-12-12","14:00 (15:00)","Leicester City",2.5,"4-0",0.7,"Newcastle Utd",31959,"King Power Stadium","Peter Bankes","Match Report",NA
16,"Sun","2021-12-12","16:30 (17:30)","Crystal Palace",1.6,"3-1",1.3,"Everton",24066,"Selhurst Park","Andy Madley","Match Report",NA
17,"Tue","2021-12-14","19:45 (20:45)","Norwich City",0.5,"0-2",1.7,"Aston Villa",26836,"Carrow Road","David Coote","Match Report",NA
17,"Tue","2021-12-14","20:00 (21:00)","Manchester City",3.6,"7-0",0.2,"Leeds United",52401,"Etihad Stadium","Paul Tierney","Match Report",NA
17,"Wed","2021-12-15","19:30 (20:30)","Crystal Palace",1.2,"2-2",0.7,"Southampton",22861,"Selhurst Park","Simon Hooper","Match Report",NA
17,"Wed","2021-12-15","19:30 (20:30)","Brighton",1.1,"0-1",1.3,"Wolves",30362,"The American Express Community Stadium","Tony Harrington","Match Report",NA
17,"Wed","2021-12-15","20:00 (21:00)","Arsenal",2.7,"2-0",0.3,"West Ham",59777,"Emirates Stadium","Anthony Taylor","Match Report",NA
17,"Thu","2021-12-16","19:45 (20:45)","Chelsea",2.7,"1-1",0.4,"Everton",13933,"Stamford Bridge","Michael Oliver","Match Report",NA
17,"Thu","2021-12-16","20:00 (21:00)","Liverpool",2.4,"3-1",0.3,"Newcastle Utd",52951,"Anfield","Mike Dean","Match Report",NA
18,"Sat","2021-12-18","17:30 (18:30)","Leeds United",1.6,"1-4",3.2,"Arsenal",36166,"Elland Road","Andre Marriner","Match Report",NA
18,"Sun","2021-12-19","14:00 (15:00)","Wolves",0.3,"0-0",0.8,"Chelsea",30631,"Molineux Stadium","David Coote","Match Report",NA
18,"Sun","2021-12-19","14:15 (15:15)","Newcastle Utd",0.4,"0-4",3.1,"Manchester City",52127,"St. James' Park","Martin Atkinson","Match Report",NA
18,"Sun","2021-12-19","16:30 (17:30)","Tottenham",3.4,"2-2",1.5,"Liverpool",45421,"Tottenham Hotspur Stadium","Paul Tierney","Match Report",NA
19,"Sun","2021-12-26","15:00 (16:00)","West Ham",1.7,"2-3",1.3,"Southampton",41027,"London Stadium","Kevin Friend","Match Report",NA
19,"Sun","2021-12-26","15:00 (16:00)","Manchester City",3.4,"6-3",2.4,"Leicester City",53226,"Etihad Stadium","Chris Kavanagh","Match Report",NA
19,"Sun","2021-12-26","15:00 (16:00)","Norwich City",0.1,"0-5",2.5,"Arsenal",26940,"Carrow Road","Graham Scott","Match Report",NA
19,"Sun","2021-12-26","15:00 (16:00)","Tottenham",2.5,"3-0",0.2,"Crystal Palace",40539,"Tottenham Hotspur Stadium","Jonathan Moss","Match Report",NA
19,"Sun","2021-12-26","17:30 (18:30)","Aston Villa",0.6,"1-3",2.8,"Chelsea",41907,"Villa Park","Martin Atkinson","Match Report",NA
19,"Sun","2021-12-26","20:00 (21:00)","Brighton",0.9,"2-0",0.9,"Brentford",30141,"The American Express Community Stadium","Darren England","Match Report",NA
19,"Mon","2021-12-27","20:00 (21:00)","Newcastle Utd",1.1,"1-1",1.2,"Manchester Utd",52178,"St. James' Park","Craig Pawson","Match Report",NA
20,"Tue","2021-12-28","15:00 (16:00)","Southampton",0.4,"1-1",2.4,"Tottenham",31304,"St. Mary's Stadium","Anthony Taylor","Match Report",NA
20,"Tue","2021-12-28","15:00 (16:00)","Crystal Palace",2,"3-0",1.2,"Norwich City",24433,"Selhurst Park","Paul Tierney","Match Report",NA
20,"Tue","2021-12-28","15:00 (16:00)","Watford",1.1,"1-4",2.9,"West Ham",20073,"Vicarage Road Stadium","Darren England","Match Report",NA
20,"Tue","2021-12-28","20:00 (21:00)","Leicester City",0.6,"1-0",2.5,"Liverpool",32230,"King Power Stadium","Michael Oliver","Match Report",NA
20,"Wed","2021-12-29","19:30 (20:30)","Chelsea",1.1,"1-1",0.9,"Brighton",40080,"Stamford Bridge","Mike Dean","Match Report",NA
20,"Wed","2021-12-29","20:15 (21:15)","Brentford",0.3,"0-1",0.8,"Manchester City",17009,"Brentford Community Stadium","David Coote","Match Report",NA
20,"Thu","2021-12-30","20:15 (21:15)","Manchester Utd",2,"3-1",0.8,"Burnley",73121,"Old Trafford","Jonathan Moss","Match Report",NA
21,"Sat","2022-01-01","12:30 (13:30)","Arsenal",1,"1-2",1.8,"Manchester City",59757,"Emirates Stadium","Stuart Attwell","Match Report",NA
21,"Sat","2022-01-01","15:00 (16:00)","Watford",0.3,"0-1",1.9,"Tottenham",20391,"Vicarage Road Stadium","Robert Jones","Match Report",NA
21,"Sat","2022-01-01","17:30 (18:30)","Crystal Palace",2.2,"2-3",2,"West Ham",24351,"Selhurst Park","Darren England","Match Report",NA
21,"Sun","2022-01-02","14:00 (15:00)","Leeds United",1.3,"3-1",0.9,"Burnley",36083,"Elland Road","Paul Tierney","Match Report",NA
21,"Sun","2022-01-02","14:00 (15:00)","Everton",1.6,"2-3",1.5,"Brighton",38203,"Goodison Park","John Brooks","Match Report",NA
21,"Sun","2022-01-02","14:00 (15:00)","Brentford",0.5,"2-1",1.1,"Aston Villa",16876,"Brentford Community Stadium","Craig Pawson","Match Report",NA
21,"Sun","2022-01-02","16:30 (17:30)","Chelsea",1.3,"2-2",1.4,"Liverpool",40072,"Stamford Bridge","Anthony Taylor","Match Report",NA
21,"Mon","2022-01-03","17:30 (18:30)","Manchester Utd",0.8,"0-1",0.7,"Wolves",73045,"Old Trafford","Mike Dean","Match Report",NA
18,"Tue","2022-01-11","19:45 (20:45)","Southampton",1.6,"4-1",0.7,"Brentford",27383,"St. Mary's Stadium","Stuart Attwell","Match Report",NA
18,"Wed","2022-01-12","19:45 (20:45)","West Ham",2.1,"2-0",0.3,"Norwich City",59775,"London Stadium","Simon Hooper","Match Report",NA
22,"Fri","2022-01-14","20:00 (21:00)","Brighton",2.1,"1-1",0.3,"Crystal Palace",30675,"The American Express Community Stadium","Robert Jones","Match Report",NA
22,"Sat","2022-01-15","12:30 (13:30)","Manchester City",0.7,"1-0",0.5,"Chelsea",53319,"Etihad Stadium","Craig Pawson","Match Report",NA
22,"Sat","2022-01-15","15:00 (16:00)","Newcastle Utd",1.4,"1-1",1.3,"Watford",52223,"St. James' Park","Paul Tierney","Match Report",NA
22,"Sat","2022-01-15","15:00 (16:00)","Wolves",2.1,"3-1",1.1,"Southampton",30057,"Molineux Stadium","Michael Salisbury","Match Report",NA
22,"Sat","2022-01-15","15:00 (16:00)","Norwich City",0.7,"2-1",0.7,"Everton",26629,"Carrow Road","Andy Madley","Match Report",NA
22,"Sat","2022-01-15","17:30 (18:30)","Aston Villa",2,"2-2",1,"Manchester Utd",41968,"Villa Park","David Coote","Match Report",NA
22,"Sun","2022-01-16","14:00 (15:00)","West Ham",2,"2-3",2.3,"Leeds United",59951,"London Stadium","Mike Dean","Match Report",NA
22,"Sun","2022-01-16","14:00 (15:00)","Liverpool",3.1,"3-0",0.5,"Brentford",52824,"Anfield","Jonathan Moss","Match Report",NA
24,"Tue","2022-01-18","20:00 (21:00)","Brighton",0.6,"1-1",0.7,"Chelsea",30880,"The American Express Community Stadium","Kevin Friend","Match Report",NA
17,"Wed","2022-01-19","19:30 (20:30)","Leicester City",1.5,"2-3",3.7,"Tottenham",31986,"King Power Stadium","Jonathan Moss","Match Report",NA
17,"Wed","2022-01-19","20:00 (21:00)","Brentford",2.2,"1-3",2,"Manchester Utd",17094,"Brentford Community Stadium","Andre Marriner","Match Report",NA
23,"Fri","2022-01-21","20:00 (21:00)","Watford",1.1,"0-3",0.7,"Norwich City",20782,"Vicarage Road Stadium","Mike Dean","Match Report",NA
23,"Sat","2022-01-22","12:30 (13:30)","Everton",1.3,"0-1",0.6,"Aston Villa",38203,"Goodison Park","Craig Pawson","Match Report",NA
23,"Sat","2022-01-22","15:00 (16:00)","Manchester Utd",1.8,"1-0",0.4,"West Ham",73130,"Old Trafford","Jonathan Moss","Match Report",NA
23,"Sat","2022-01-22","15:00 (16:00)","Brentford",1.3,"1-2",0.2,"Wolves",16982,"Brentford Community Stadium","Peter Bankes","Match Report",NA
23,"Sat","2022-01-22","15:00 (16:00)","Leeds United",1,"0-1",1.1,"Newcastle Utd",36405,"Elland Road","Chris Kavanagh","Match Report",NA
23,"Sat","2022-01-22","17:30 (18:30)","Southampton",1.1,"1-1",1.6,"Manchester City",31178,"St. Mary's Stadium","Simon Hooper","Match Report",NA
23,"Sun","2022-01-23","14:00 (15:00)","Leicester City",2.2,"1-1",1,"Brighton",31231,"King Power Stadium","Martin Atkinson","Match Report",NA
23,"Sun","2022-01-23","14:00 (15:00)","Crystal Palace",2.2,"1-3",1.7,"Liverpool",25002,"Selhurst Park","Kevin Friend","Match Report",NA
23,"Sun","2022-01-23","14:00 (15:00)","Arsenal",1.2,"0-0",0.4,"Burnley",59255,"Emirates Stadium","David Coote","Match Report",NA
23,"Sun","2022-01-23","16:30 (17:30)","Chelsea",0.9,"2-0",0.4,"Tottenham",40020,"Stamford Bridge","Paul Tierney","Match Report",NA
17,"Sat","2022-02-05","18:00 (19:00)","Burnley",0.8,"0-0",1,"Watford",19527,"Turf Moor","Craig Pawson","Match Report",NA
24,"Tue","2022-02-08","19:45 (20:45)","Newcastle Utd",2.2,"3-1",0.6,"Everton",52186,"St. James' Park","Anthony Taylor","Match Report",NA
24,"Tue","2022-02-08","19:45 (20:45)","West Ham",0.7,"1-0",0.3,"Watford",59581,"London Stadium","Martin Atkinson","Match Report",NA
24,"Tue","2022-02-08","20:00 (21:00)","Burnley",0.6,"1-1",2.1,"Manchester Utd",21233,"Turf Moor","Mike Dean","Match Report",NA
24,"Wed","2022-02-09","19:45 (20:45)","Tottenham",1.5,"2-3",2.7,"Southampton",54012,"Tottenham Hotspur Stadium","David Coote","Match Report",NA
24,"Wed","2022-02-09","19:45 (20:45)","Manchester City",2,"2-0",0.7,"Brentford",51658,"Etihad Stadium","Darren England","Match Report",NA
24,"Wed","2022-02-09","19:45 (20:45)","Norwich City",0.5,"1-1",1.1,"Crystal Palace",26652,"Carrow Road","Paul Tierney","Match Report",NA
24,"Wed","2022-02-09","20:00 (21:00)","Aston Villa",1.8,"3-3",1.9,"Leeds United",41927,"Villa Park","Jarred Gillett","Match Report",NA
24,"Thu","2022-02-10","19:45 (20:45)","Wolves",0.9,"0-1",1.8,"Arsenal",31523,"Molineux Stadium","Michael Oliver","Match Report",NA
24,"Thu","2022-02-10","19:45 (20:45)","Liverpool",2.6,"2-0",0.3,"Leicester City",53050,"Anfield","Chris Kavanagh","Match Report",NA
25,"Sat","2022-02-12","12:30 (13:30)","Manchester Utd",2.1,"1-1",1.1,"Southampton",73084,"Old Trafford","Stuart Attwell","Match Report",NA
25,"Sat","2022-02-12","15:00 (16:00)","Brentford",1.5,"0-0",0.5,"Crystal Palace",16958,"Brentford Community Stadium","Simon Hooper","Match Report",NA
25,"Sat","2022-02-12","15:00 (16:00)","Everton",2.1,"3-0",0.3,"Leeds United",39150,"Goodison Park","Graham Scott","Match Report",NA
25,"Sat","2022-02-12","15:00 (16:00)","Watford",0.5,"0-2",1.4,"Brighton",20795,"Vicarage Road Stadium","Jonathan Moss","Match Report",NA
25,"Sat","2022-02-12","17:30 (18:30)","Norwich City",0.5,"0-4",4.6,"Manchester City",27010,"Carrow Road","Andre Marriner","Match Report",NA
25,"Sun","2022-02-13","14:00 (15:00)","Tottenham",1.4,"0-2",1.3,"Wolves",56452,"Tottenham Hotspur Stadium","Kevin Friend","Match Report",NA
25,"Sun","2022-02-13","14:00 (15:00)","Burnley",0.8,"0-1",1.6,"Liverpool",19563,"Turf Moor","Martin Atkinson","Match Report",NA
25,"Sun","2022-02-13","14:00 (15:00)","Newcastle Utd",0.5,"1-0",0.4,"Aston Villa",52207,"St. James' Park","Craig Pawson","Match Report",NA
25,"Sun","2022-02-13","16:30 (17:30)","Leicester City",1.3,"2-2",0.6,"West Ham",32061,"King Power Stadium","Michael Oliver","Match Report",NA
18,"Tue","2022-02-15","20:15 (21:15)","Manchester Utd",2,"2-0",0.6,"Brighton",73012,"Old Trafford","Peter Bankes","Match Report",NA
26,"Sat","2022-02-19","12:30 (13:30)","West Ham",0.6,"1-1",0.7,"Newcastle Utd",59949,"London Stadium","Chris Kavanagh","Match Report",NA
26,"Sat","2022-02-19","15:00 (16:00)","Aston Villa",1.3,"0-1",1.1,"Watford",41936,"Villa Park","Robert Jones","Match Report",NA
26,"Sat","2022-02-19","15:00 (16:00)","Liverpool",3,"3-1",0.6,"Norwich City",53135,"Anfield","Mike Dean","Match Report",NA
26,"Sat","2022-02-19","15:00 (16:00)","Crystal Palace",0.6,"0-1",1.1,"Chelsea",25109,"Selhurst Park","David Coote","Match Report",NA
26,"Sat","2022-02-19","15:00 (16:00)","Arsenal",2.1,"2-1",0.6,"Brentford",59249,"Emirates Stadium","Jonathan Moss","Match Report",NA
26,"Sat","2022-02-19","15:00 (16:00)","Southampton",2,"2-0",0.3,"Everton",31312,"St. Mary's Stadium","Andy Madley","Match Report",NA
26,"Sat","2022-02-19","15:00 (16:00)","Brighton",0.5,"0-3",0.7,"Burnley",30361,"The American Express Community Stadium","Kevin Friend","Match Report",NA
26,"Sat","2022-02-19","17:30 (18:30)","Manchester City",2.1,"2-3",1.8,"Tottenham",53201,"Etihad Stadium","Anthony Taylor","Match Report",NA
26,"Sun","2022-02-20","14:00 (15:00)","Leeds United",1.5,"2-4",2.6,"Manchester Utd",36715,"Elland Road","Paul Tierney","Match Report",NA
26,"Sun","2022-02-20","16:30 (17:30)","Wolves",0.6,"2-1",1.6,"Leicester City",31587,"Molineux Stadium","Craig Pawson","Match Report",NA
13,"Wed","2022-02-23","19:30 (20:30)","Burnley",1.1,"1-0",0.9,"Tottenham",19488,"Turf Moor","Graham Scott","Match Report",NA
18,"Wed","2022-02-23","19:30 (20:30)","Watford",1,"1-4",0.8,"Crystal Palace",20012,"Vicarage Road Stadium","Andre Marriner","Match Report",NA
19,"Wed","2022-02-23","19:45 (20:45)","Liverpool",5,"6-0",0.2,"Leeds United",53018,"Anfield","Michael Oliver","Match Report",NA
20,"Thu","2022-02-24","19:45 (20:45)","Arsenal",2.7,"2-1",1,"Wolves",59888,"Emirates Stadium","Martin Atkinson","Match Report",NA
27,"Fri","2022-02-25","20:00 (21:00)","Southampton",2.8,"2-0",0.6,"Norwich City",31182,"St. Mary's Stadium","Simon Hooper","Match Report",NA
27,"Sat","2022-02-26","12:30 (13:30)","Leeds United",1.5,"0-4",2.4,"Tottenham",36599,"Elland Road","Craig Pawson","Match Report",NA
27,"Sat","2022-02-26","15:00 (16:00)","Crystal Palace",0.9,"1-1",0.2,"Burnley",24203,"Selhurst Park","Jonathan Moss","Match Report",NA
27,"Sat","2022-02-26","15:00 (16:00)","Brighton",0.6,"0-2",1.2,"Aston Villa",31475,"The American Express Community Stadium","John Brooks","Match Report",NA
27,"Sat","2022-02-26","15:00 (16:00)","Manchester Utd",2.9,"0-0",0.5,"Watford",73152,"Old Trafford","Kevin Friend","Match Report",NA
27,"Sat","2022-02-26","15:00 (16:00)","Brentford",0.3,"0-2",2.4,"Newcastle Utd",17039,"Brentford Community Stadium","Mike Dean","Match Report",NA
27,"Sat","2022-02-26","17:30 (18:30)","Everton",0.8,"0-1",1.6,"Manchester City",39105,"Goodison Park","Paul Tierney","Match Report",NA
27,"Sun","2022-02-27","14:00 (15:00)","West Ham",2.1,"1-0",0.8,"Wolves",59946,"London Stadium","Anthony Taylor","Match Report",NA
22,"Tue","2022-03-01","19:45 (20:45)","Burnley",1,"0-2",1.5,"Leicester City",17825,"Turf Moor","Chris Kavanagh","Match Report",NA
28,"Sat","2022-03-05","12:30 (13:30)","Leicester City",0.5,"1-0",1.9,"Leeds United",32236,"King Power Stadium","David Coote","Match Report",NA
28,"Sat","2022-03-05","15:00 (16:00)","Wolves",0.5,"0-2",2.6,"Crystal Palace",31395,"Molineux Stadium","Andy Madley","Match Report",NA
28,"Sat","2022-03-05","15:00 (16:00)","Aston Villa",2.6,"4-0",0.7,"Southampton",41855,"Villa Park","Peter Bankes","Match Report",NA
28,"Sat","2022-03-05","15:00 (16:00)","Newcastle Utd",1.6,"2-1",1.3,"Brighton",52214,"St. James' Park","Martin Atkinson","Match Report",NA
28,"Sat","2022-03-05","15:00 (16:00)","Norwich City",1.4,"1-3",2.1,"Brentford",26887,"Carrow Road","Anthony Taylor","Match Report",NA
28,"Sat","2022-03-05","15:00 (16:00)","Burnley",0.8,"0-4",2.2,"Chelsea",19439,"Turf Moor","Andre Marriner","Match Report",NA
28,"Sat","2022-03-05","17:30 (18:30)","Liverpool",2.6,"1-0",1.5,"West Ham",59925,"Anfield","Jonathan Moss","Match Report",NA
28,"Sun","2022-03-06","14:00 (15:00)","Watford",1.5,"2-3",1.4,"Arsenal",21142,"Vicarage Road Stadium","Craig Pawson","Match Report",NA
28,"Sun","2022-03-06","16:30 (17:30)","Manchester City",2.6,"4-1",0.5,"Manchester Utd",53165,"Etihad Stadium","Michael Oliver","Match Report",NA
28,"Mon","2022-03-07","20:00 (21:00)","Tottenham",2.9,"5-0",0.2,"Everton",59647,"Tottenham Hotspur Stadium","Stuart Attwell","Match Report",NA
19,"Thu","2022-03-10","19:30 (20:30)","Wolves",0.9,"4-0",0.9,"Watford",29658,"Molineux Stadium","Darren England","Match Report",NA
21,"Thu","2022-03-10","19:30 (20:30)","Southampton",1.3,"1-2",0.6,"Newcastle Utd",30056,"St. Mary's Stadium","Kevin Friend","Match Report",NA
30,"Thu","2022-03-10","19:30 (20:30)","Norwich City",1,"1-3",1.9,"Chelsea",26684,"Carrow Road","Martin Atkinson","Match Report",NA
20,"Thu","2022-03-10","19:45 (20:45)","Leeds United",0.2,"0-3",1.4,"Aston Villa",36400,"Elland Road","Simon Hooper","Match Report",NA
29,"Sat","2022-03-12","12:30 (13:30)","Brighton",0.8,"0-2",2.3,"Liverpool",31474,"The American Express Community Stadium","Mike Dean","Match Report",NA
29,"Sat","2022-03-12","15:00 (16:00)","Brentford",1.9,"2-0",0.7,"Burnley",17088,"Brentford Community Stadium","Paul Tierney","Match Report",NA
29,"Sat","2022-03-12","17:30 (18:30)","Manchester Utd",1.1,"3-2",1.3,"Tottenham",73458,"Old Trafford","Jonathan Moss","Match Report",NA
29,"Sun","2022-03-13","14:00 (15:00)","Leeds United",2.5,"2-1",1.2,"Norwich City",36321,"Elland Road","Stuart Attwell","Match Report",NA
29,"Sun","2022-03-13","14:00 (15:00)","Chelsea",0.8,"1-0",0.2,"Newcastle Utd",40026,"Stamford Bridge","David Coote","Match Report",NA
29,"Sun","2022-03-13","14:00 (15:00)","West Ham",1.3,"2-1",1,"Aston Villa",59957,"London Stadium","Jarred Gillett","Match Report",NA
29,"Sun","2022-03-13","14:00 (15:00)","Southampton",1.1,"1-2",1.5,"Watford",28863,"St. Mary's Stadium","Graham Scott","Match Report",NA
29,"Sun","2022-03-13","14:00 (15:00)","Everton",0.5,"0-1",0.8,"Wolves",39112,"Goodison Park","Michael Oliver","Match Report",NA
29,"Sun","2022-03-13","16:30 (17:30)","Arsenal",2.3,"2-0",0.3,"Leicester City",60111,"Emirates Stadium","Anthony Taylor","Match Report",NA
29,"Mon","2022-03-14","20:00 (21:00)","Crystal Palace",0.8,"0-0",2.3,"Manchester City",25309,"Selhurst Park","Martin Atkinson","Match Report",NA
16,"Wed","2022-03-16","19:30 (20:30)","Brighton",0.7,"0-2",2.4,"Tottenham",31144,"The American Express Community Stadium","Robert Jones","Match Report",NA
27,"Wed","2022-03-16","20:15 (21:15)","Arsenal",0.5,"0-2",0.8,"Liverpool",59968,"Emirates Stadium","Andre Marriner","Match Report",NA
20,"Thu","2022-03-17","19:45 (20:45)","Everton",0.6,"1-0",1,"Newcastle Utd",39068,"Goodison Park","Craig Pawson","Match Report",NA
30,"Fri","2022-03-18","20:00 (21:00)","Wolves",0.8,"2-3",2.2,"Leeds United",31842,"Molineux Stadium","Kevin Friend","Match Report",NA
30,"Sat","2022-03-19","12:30 (13:30)","Aston Villa",0.4,"0-1",1.3,"Arsenal",41956,"Villa Park","Andy Madley","Match Report",NA
30,"Sun","2022-03-20","14:00 (15:00)","Leicester City",1.3,"2-1",1.4,"Brentford",31830,"King Power Stadium","Darren England","Match Report",NA
30,"Sun","2022-03-20","16:30 (17:30)","Tottenham",2.5,"3-1",0.6,"West Ham",58685,"Tottenham Hotspur Stadium","Anthony Taylor","Match Report",NA
31,"Sat","2022-04-02","12:30 (13:30)","Liverpool",2.1,"2-0",0.6,"Watford",53104,"Anfield","Stuart Attwell","Match Report",NA
31,"Sat","2022-04-02","15:00 (16:00)","Leeds United",1.1,"1-1",1.7,"Southampton",36580,"Elland Road","Anthony Taylor","Match Report",NA
31,"Sat","2022-04-02","15:00 (16:00)","Burnley",0.1,"0-2",1.8,"Manchester City",21249,"Turf Moor","Craig Pawson","Match Report",NA
31,"Sat","2022-04-02","15:00 (16:00)","Wolves",1.2,"2-1",2.1,"Aston Villa",31012,"Molineux Stadium","Darren England","Match Report",NA
31,"Sat","2022-04-02","15:00 (16:00)","Chelsea",1.6,"1-4",2.1,"Brentford",39061,"Stamford Bridge","Andy Madley","Match Report",NA
31,"Sat","2022-04-02","15:00 (16:00)","Brighton",2.9,"0-0",0.3,"Norwich City",31245,"The American Express Community Stadium","Simon Hooper","Match Report",NA
31,"Sat","2022-04-02","17:30 (18:30)","Manchester Utd",1.3,"1-1",0.8,"Leicester City",73444,"Old Trafford","Andre Marriner","Match Report",NA
31,"Sun","2022-04-03","14:00 (15:00)","West Ham",1.2,"2-1",0.8,"Everton",59953,"London Stadium","Michael Oliver","Match Report",NA
31,"Sun","2022-04-03","16:30 (17:30)","Tottenham",3.1,"5-1",0.6,"Newcastle Utd",57553,"Tottenham Hotspur Stadium","Martin Atkinson","Match Report",NA
31,"Mon","2022-04-04","20:00 (21:00)","Crystal Palace",1.6,"3-0",0.8,"Arsenal",25149,"Selhurst Park","Paul Tierney","Match Report",NA
19,"Wed","2022-04-06","19:30 (20:30)","Burnley",1.4,"3-2",2.4,"Everton",19830,"Turf Moor","Mike Dean","Match Report",NA
32,"Fri","2022-04-08","20:00 (21:00)","Newcastle Utd",1.6,"1-0",0.3,"Wolves",52164,"St. James' Park","Peter Bankes","Match Report",NA
32,"Sat","2022-04-09","12:30 (13:30)","Everton",0.4,"1-0",0.7,"Manchester Utd",39080,"Goodison Park","Jonathan Moss","Match Report",NA
32,"Sat","2022-04-09","15:00 (16:00)","Arsenal",1.8,"1-2",0.5,"Brighton",60112,"Emirates Stadium","David Coote","Match Report",NA
32,"Sat","2022-04-09","15:00 (16:00)","Southampton",0.5,"0-6",4.2,"Chelsea",31359,"St. Mary's Stadium","Kevin Friend","Match Report",NA
32,"Sat","2022-04-09","15:00 (16:00)","Watford",1.2,"0-3",1,"Leeds United",20957,"Vicarage Road Stadium","Andre Marriner","Match Report",NA
32,"Sat","2022-04-09","17:30 (18:30)","Aston Villa",1.6,"0-4",1,"Tottenham",41949,"Villa Park","Graham Scott","Match Report",NA
32,"Sun","2022-04-10","14:00 (15:00)","Norwich City",1.5,"2-0",1.9,"Burnley",26361,"Carrow Road","Michael Oliver","Match Report",NA
32,"Sun","2022-04-10","14:00 (15:00)","Brentford",1.6,"2-0",0.3,"West Ham",17032,"Brentford Community Stadium","Martin Atkinson","Match Report",NA
32,"Sun","2022-04-10","14:00 (15:00)","Leicester City",1,"2-1",1.3,"Crystal Palace",31896,"King Power Stadium","Robert Jones","Match Report",NA
32,"Sun","2022-04-10","16:30 (17:30)","Manchester City",2,"2-2",1,"Liverpool",53197,"Etihad Stadium","Anthony Taylor","Match Report",NA
33,"Sat","2022-04-16","12:30 (13:30)","Tottenham",0.4,"0-1",0.7,"Brighton",58685,"Tottenham Hotspur Stadium","Craig Pawson","Match Report",NA
33,"Sat","2022-04-16","15:00 (16:00)","Manchester Utd",2,"3-2",1.9,"Norwich City",73381,"Old Trafford","Andy Madley","Match Report",NA
33,"Sat","2022-04-16","15:00 (16:00)","Southampton",0.7,"1-0",1.7,"Arsenal",31465,"St. Mary's Stadium","Peter Bankes","Match Report",NA
33,"Sat","2022-04-16","15:00 (16:00)","Watford",1.5,"1-2",1.3,"Brentford",21045,"Vicarage Road Stadium","Simon Hooper","Match Report",NA
33,"Sun","2022-04-17","14:15 (15:15)","West Ham",2,"1-1",1.6,"Burnley",59958,"London Stadium","Paul Tierney","Match Report",NA
33,"Sun","2022-04-17","14:15 (15:15)","Newcastle Utd",1.4,"2-1",0.6,"Leicester City",52104,"St. James' Park","Jarred Gillett","Match Report",NA
30,"Tue","2022-04-19","20:00 (21:00)","Liverpool",2.3,"4-0",0.1,"Manchester Utd",52686,"Anfield","Martin Atkinson","Match Report",NA
18,"Wed","2022-04-20","19:45 (20:45)","Everton",1.5,"1-1",1,"Leicester City",39153,"Goodison Park","David Coote","Match Report",NA
25,"Wed","2022-04-20","19:45 (20:45)","Chelsea",0.6,"2-4",2.4,"Arsenal",32249,"Stamford Bridge","Jonathan Moss","Match Report",NA
30,"Wed","2022-04-20","19:45 (20:45)","Newcastle Utd",0.9,"1-0",0.5,"Crystal Palace",51938,"St. James' Park","Tony Harrington","Match Report",NA
30,"Wed","2022-04-20","20:00 (21:00)","Manchester City",1.1,"3-0",0.1,"Brighton",52226,"Etihad Stadium","Mike Dean","Match Report",NA
30,"Thu","2022-04-21","19:45 (20:45)","Burnley",1.5,"2-0",1.1,"Southampton",17384,"Turf Moor","Stuart Attwell","Match Report",NA
34,"Sat","2022-04-23","12:30 (13:30)","Arsenal",2.2,"3-1",2.2,"Manchester Utd",60223,"Emirates Stadium","Craig Pawson","Match Report",NA
34,"Sat","2022-04-23","15:00 (16:00)","Manchester City",3,"5-1",0.5,"Watford",53013,"Etihad Stadium","Kevin Friend","Match Report",NA
34,"Sat","2022-04-23","15:00 (16:00)","Leicester City",0.4,"0-0",0.6,"Aston Villa",32185,"King Power Stadium","Andy Madley","Match Report",NA
34,"Sat","2022-04-23","15:00 (16:00)","Norwich City",0.7,"0-3",2.4,"Newcastle Utd",26910,"Carrow Road","Chris Kavanagh","Match Report",NA
34,"Sat","2022-04-23","17:30 (18:30)","Brentford",0.8,"0-0",0.7,"Tottenham",17072,"Brentford Community Stadium","Martin Atkinson","Match Report",NA
34,"Sun","2022-04-24","14:00 (15:00)","Chelsea",2.8,"1-0",0.5,"West Ham",32231,"Stamford Bridge","Michael Oliver","Match Report",NA
34,"Sun","2022-04-24","14:00 (15:00)","Burnley",1.1,"1-0",0.7,"Wolves",19246,"Turf Moor","Anthony Taylor","Match Report",NA
34,"Sun","2022-04-24","14:00 (15:00)","Brighton",1.4,"2-2",0.9,"Southampton",31335,"The American Express Community Stadium","Robert Jones","Match Report",NA
34,"Sun","2022-04-24","16:30 (17:30)","Liverpool",1.6,"2-0",0.4,"Everton",53213,"Anfield","Stuart Attwell","Match Report",NA
34,"Mon","2022-04-25","20:00 (21:00)","Crystal Palace",1.9,"0-0",0.4,"Leeds United",25357,"Selhurst Park","Darren England","Match Report",NA
37,"Thu","2022-04-28","19:45 (20:45)","Manchester Utd",0.6,"1-1",2,"Chelsea",73564,"Old Trafford","Mike Dean","Match Report",NA
35,"Sat","2022-04-30","12:30 (13:30)","Newcastle Utd",0.2,"0-1",2.3,"Liverpool",52281,"St. James' Park","Andre Marriner","Match Report",NA
35,"Sat","2022-04-30","15:00 (16:00)","Watford",1.1,"1-2",2,"Burnley",20738,"Vicarage Road Stadium","Craig Pawson","Match Report",NA
35,"Sat","2022-04-30","15:00 (16:00)","Southampton",0.5,"1-2",1,"Crystal Palace",31359,"St. Mary's Stadium","Jarred Gillett","Match Report",NA
35,"Sat","2022-04-30","15:00 (16:00)","Wolves",0.6,"0-3",2.5,"Brighton",31243,"Molineux Stadium","Simon Hooper","Match Report",NA
35,"Sat","2022-04-30","15:00 (16:00)","Aston Villa",2.2,"2-0",0.6,"Norwich City",40290,"Villa Park","John Brooks","Match Report",NA
35,"Sat","2022-04-30","17:30 (18:30)","Leeds United",1.2,"0-4",2.7,"Manchester City",35771,"Elland Road","Paul Tierney","Match Report",NA
35,"Sun","2022-05-01","14:00 (15:00)","Tottenham",1.5,"3-1",0.4,"Leicester City",59482,"Tottenham Hotspur Stadium","Jonathan Moss","Match Report",NA
35,"Sun","2022-05-01","14:00 (15:00)","Everton",1.3,"1-0",1.2,"Chelsea",39256,"Goodison Park","Kevin Friend","Match Report",NA
35,"Sun","2022-05-01","16:30 (17:30)","West Ham",0.4,"1-2",0.8,"Arsenal",59959,"London Stadium","Mike Dean","Match Report",NA
35,"Mon","2022-05-02","20:00 (21:00)","Manchester Utd",1.5,"3-0",0.6,"Brentford",73482,"Old Trafford","Chris Kavanagh","Match Report",NA
36,"Sat","2022-05-07","15:00 (16:00)","Chelsea",2.5,"2-2",2.1,"Wolves",32190,"Stamford Bridge","Peter Bankes","Match Report",NA
36,"Sat","2022-05-07","15:00 (16:00)","Brentford",3.1,"3-0",1,"Southampton",17051,"Brentford Community Stadium","Michael Salisbury","Match Report",NA
36,"Sat","2022-05-07","15:00 (16:00)","Crystal Palace",1.9,"1-0",0.5,"Watford",24622,"Selhurst Park","Graham Scott","Match Report",NA
36,"Sat","2022-05-07","15:00 (16:00)","Burnley",1.7,"1-3",1.8,"Aston Villa",20891,"Turf Moor","David Coote","Match Report",NA
36,"Sat","2022-05-07","17:30 (18:30)","Brighton",2.8,"4-0",0.8,"Manchester Utd",31637,"The American Express Community Stadium","Andy Madley","Match Report",NA
36,"Sat","2022-05-07","19:45 (20:45)","Liverpool",1.2,"1-1",1.1,"Tottenham",53177,"Anfield","Michael Oliver","Match Report",NA
36,"Sun","2022-05-08","14:00 (15:00)","Norwich City",0.7,"0-4",3.1,"West Ham",26428,"Carrow Road","Robert Jones","Match Report",NA
36,"Sun","2022-05-08","14:00 (15:00)","Arsenal",2.9,"2-1",0.5,"Leeds United",60108,"Emirates Stadium","Chris Kavanagh","Match Report",NA
36,"Sun","2022-05-08","14:00 (15:00)","Leicester City",1.8,"1-2",1.5,"Everton",32001,"King Power Stadium","Craig Pawson","Match Report",NA
36,"Sun","2022-05-08","16:30 (17:30)","Manchester City",3.1,"5-0",0.9,"Newcastle Utd",53336,"Etihad Stadium","Stuart Attwell","Match Report",NA
33,"Tue","2022-05-10","20:00 (21:00)","Aston Villa",1.1,"1-2",1.9,"Liverpool",41919,"Villa Park","Jonathan Moss","Match Report",NA
33,"Wed","2022-05-11","19:30 (20:30)","Leeds United",0.5,"0-3",1.5,"Chelsea",36549,"Elland Road","Anthony Taylor","Match Report",NA
21,"Wed","2022-05-11","19:45 (20:45)","Leicester City",2.5,"3-0",1.2,"Norwich City",38092,"King Power Stadium","Simon Hooper","Match Report",NA
30,"Wed","2022-05-11","19:45 (20:45)","Watford",0.3,"0-0",1.2,"Everton",20653,"Vicarage Road Stadium","Mike Dean","Match Report",NA
33,"Wed","2022-05-11","20:15 (21:15)","Wolves",0.5,"1-5",3.1,"Manchester City",32000,"Molineux Stadium","Martin Atkinson","Match Report",NA
22,"Thu","2022-05-12","19:45 (20:45)","Tottenham",3.1,"3-0",0.4,"Arsenal",62027,"Tottenham Hotspur Stadium","Paul Tierney","Match Report",NA
37,"Sun","2022-05-15","12:00 (13:00)","Tottenham",2,"1-0",0.7,"Burnley",61729,"Tottenham Hotspur Stadium","Kevin Friend","Match Report",NA
37,"Sun","2022-05-15","14:00 (15:00)","Watford",1.4,"1-5",2.3,"Leicester City",20257,"Vicarage Road Stadium","Jarred Gillett","Match Report",NA
37,"Sun","2022-05-15","14:00 (15:00)","West Ham",1.3,"2-2",2.5,"Manchester City",59972,"London Stadium","Anthony Taylor","Match Report",NA
37,"Sun","2022-05-15","14:00 (15:00)","Leeds United",2,"1-1",2.2,"Brighton",36638,"Elland Road","Mike Dean","Match Report",NA
37,"Sun","2022-05-15","14:00 (15:00)","Wolves",0.9,"1-1",1.3,"Norwich City",31219,"Molineux Stadium","Tony Harrington","Match Report",NA
37,"Sun","2022-05-15","14:00 (15:00)","Aston Villa",1,"1-1",1.3,"Crystal Palace",41136,"Villa Park","Chris Kavanagh","Match Report",NA
37,"Sun","2022-05-15","16:30 (17:30)","Everton",1.8,"2-3",1.6,"Brentford",38819,"Goodison Park","Michael Oliver","Match Report",NA
37,"Mon","2022-05-16","20:00 (21:00)","Newcastle Utd",2.1,"2-0",0.6,"Arsenal",52274,"St. James' Park","Darren England","Match Report",NA
37,"Tue","2022-05-17","19:45 (20:45)","Southampton",0.1,"1-2",1.5,"Liverpool",31588,"St. Mary's Stadium","Martin Atkinson","Match Report",NA
33,"Thu","2022-05-19","19:45 (20:45)","Everton",0.8,"3-2",1.4,"Crystal Palace",38448,"Goodison Park","Anthony Taylor","Match Report",NA
18,"Thu","2022-05-19","20:00 (21:00)","Aston Villa",1.3,"1-1",1.6,"Burnley",40468,"Villa Park","Paul Tierney","Match Report",NA
27,"Thu","2022-05-19","20:00 (21:00)","Chelsea",1.7,"1-1",0.1,"Leicester City",31478,"Stamford Bridge","Stuart Attwell","Match Report",NA
38,"Sun","2022-05-22","16:00 (17:00)","Brighton",1.7,"3-1",0.3,"West Ham",31604,"The American Express Community Stadium","Kevin Friend","Match Report",NA
38,"Sun","2022-05-22","16:00 (17:00)","Brentford",1.2,"1-2",1.4,"Leeds United",16957,"Brentford Community Stadium","Paul Tierney","Match Report",NA
38,"Sun","2022-05-22","16:00 (17:00)","Leicester City",2.3,"4-1",1.2,"Southampton",32003,"King Power Stadium","Jonathan Moss","Match Report",NA
38,"Sun","2022-05-22","16:00 (17:00)","Arsenal",3.1,"5-1",1.1,"Everton",60201,"Emirates Stadium","Andre Marriner","Match Report",NA
38,"Sun","2022-05-22","16:00 (17:00)","Crystal Palace",0.5,"1-0",0.8,"Manchester Utd",25434,"Selhurst Park","Martin Atkinson","Match Report",NA
38,"Sun","2022-05-22","16:00 (17:00)","Norwich City",0.3,"0-5",3.7,"Tottenham",27022,"Carrow Road","Chris Kavanagh","Match Report",NA
38,"Sun","2022-05-22","16:00 (17:00)","Burnley",1.4,"1-2",1.8,"Newcastle Utd",21361,"Turf Moor","Craig Pawson","Match Report",NA
38,"Sun","2022-05-22","16:00 (17:00)","Liverpool",3.2,"3-1",1.1,"Wolves",53097,"Anfield","Anthony Taylor","Match Report",NA
38,"Sun","2022-05-22","16:00 (17:00)","Manchester City",2.9,"3-2",0.3,"Aston Villa",53395,"Etihad Stadium","Michael Oliver","Match Report",NA
38,"Sun","2022-05-22","16:00 (17:00)","Chelsea",2.4,"2-1",1,"Watford",32089,"Stamford Bridge","Mike Dean","Match Report",NA
