"Department","Year","Metropole","Main river","Unemployment rate","Median income","Share single parents","PM2.5 concentration","Population","Log population","Log median income"
"Ain",2012,0,1,6.85,21122,11.5336362255824,13.9460600682252,629786,13.3531353581229,9.95807043030642
"Ain",2013,0,1,7.225,21489.6666666667,11.7018772937586,14.4358310985877,636916,13.3643930577271,9.97532747842583
"Ain",2014,0,1,7.125,21699.6,11.9965098266216,11.0453315429166,643309,13.3743804476634,9.98504910617893
"Ain",2015,0,1,7.375,22020.4761904762,12.1458073033404,12.4479928710012,649012,13.3832064854999,9.99972803540507
"Ain",2016,0,1,7.35,22272,12.6026249223401,11.0501338103468,655171,13.3926515492472,10.0110855631341
"Ain",2017,0,1,6.775,22640,12.8581238191692,10.4372435310856,659180,13.3987519173113,10.0274735323171
"Aisne",2012,0,0,13.825,17765.5555555556,13.8755116729879,14.2805811609969,555400,13.2274438538548,9.78501678044325
"Aisne",2013,0,0,14.325,18300,14.0048349011418,14.509823272198,554512,13.2258437266565,9.81465633882951
"Aisne",2014,0,0,14.05,18477.6,13.9846635528945,11.3161119040008,554040,13.224992165289,9.82431446663195
"Aisne",2015,0,0,14.025,18604.2857142857,14.3987609855649,11.6167516010412,552529,13.2222611996843,9.83114724790644
"Aisne",2016,0,0,13.775,18818,14.8212680716539,10.7460370927703,549587,13.2169223660443,9.84256913756671
"Aisne",2017,0,0,13.175,19100,15.2637365323334,10.099512093085,546527,13.2113389906848,9.85744361403472
"Allier",2012,0,1,9.925,18491.6666666667,13.130808816623,11.636536456597,353246,12.7749199770573,9.82507545913269
"Allier",2013,0,1,10.375,18966.1904761905,13.4011029651256,12.6213515692795,353742,12.7763231128429,9.85041322442765
"Allier",2014,0,1,10.475,19102,13.5323387093633,9.24073258089663,353262,12.7749652702458,9.85754832059468
"Allier",2015,0,1,10.75,19313.3333333333,13.7176128754383,10.2695722766778,351626,12.770323389727,9.86855098265523
"Allier",2016,0,1,10.55,19476.1111111111,13.7973971755089,9.46104092607358,349336,12.7637894887537,9.87694392231359
"Allier",2017,0,1,9.9,19750,13.9044386801103,8.68954444885033,347035,12.7571809183958,9.89090877032927
"Alpes-de-Haute-Provence",2012,0,0,10.925,18658,14.2785521657027,12.957888057562,166316,12.0216448722186,9.83403028752091
"Alpes-de-Haute-Provence",2013,0,0,11.475,19003.3333333333,14.4545472950064,12.0243431935684,166726,12.0241070253833,9.85236968135752
"Alpes-de-Haute-Provence",2014,0,0,11.55,19149.3333333333,14.6731530306851,10.9266277488256,166298,12.0215366386505,9.86002318112204
"Alpes-de-Haute-Provence",2015,0,0,11.7,19498.0952380952,15.236047043861,11.7408554435064,166635,12.0235610706839,9.87807205968315
"Alpes-de-Haute-Provence",2016,0,0,11.45,19718.8,15.8381861707668,11.3032999130687,167331,12.0277291656854,9.8893277743781
"Alpes-de-Haute-Provence",2017,0,0,11.075,19940,16.1818805642679,11.559664933841,168381,12.0339845478216,9.90048304351583
"Alpes-Maritimes",2012,1,0,9.4,20162.1739130435,16.7596234787146,16.4765758339819,1098465,13.9094243086697,9.91156354936001
"Alpes-Maritimes",2013,1,0,10.125,20308.6666666667,16.8785999846264,13.8466611213041,1096741,13.9078536129314,9.9188030033139
"Alpes-Maritimes",2014,1,0,10.35,20532.6086956522,17.0375629768757,12.3663199531677,1098785,13.9097155818542,9.92976956943461
"Alpes-Maritimes",2015,1,0,10.625,20987.6,17.3509553793239,13.9312461010255,1097556,13.9085964476867,9.95168706611536
"Alpes-Maritimes",2016,1,0,10.4,21246,17.6719795481715,13.9328479322446,1098539,13.9094916731352,9.96392392133996
"Alpes-Maritimes",2017,1,0,9.9,21590,17.8910831081937,14.4516746476556,1097496,13.9085417792779,9.97998552350885
"Ardeche",2012,0,1,9.975,18663.3333333333,12.2541530184467,12.8874604662787,328189,12.7013449409278,9.83431609367483
"Ardeche",2013,0,1,10.55,19154,12.6143345010269,12.7531467422061,330017,12.7068994472673,9.86026685008157
"Ardeche",2014,0,1,10.45,19384.375,12.8319782670482,10.3492251795202,332051,12.713043850559,9.87222260816148
"Ardeche",2015,0,1,10.675,19613,12.959034099373,11.4150853909547,333781,12.7182403682783,9.88394789066151
"Ardeche",2016,0,1,10.6,19878.0952380952,13.2010717376955,9.91682480333124,334591,12.7206641693847,9.89737366264713
"Ardeche",2017,0,1,10.05,20150,13.4572198442236,9.5025300393747,334688,12.720954033554,9.91095956737483
"Ardennes",2012,0,1,11.825,17622.5833333333,13.747964724923,12.7838363720517,291031,12.5811850696894,9.77693650243999
"Ardennes",2013,0,1,12.5,18171,13.7824489364427,13.4913589701967,289075,12.5744414489972,9.80758219564906
"Ardennes",2014,0,1,12.225,18310.7142857143,13.9798113038036,10.4343955826208,287775,12.5699342037833,9.81524164759659
"Ardennes",2015,0,1,12.5,18541.1805555556,14.1149285895051,10.6107246854211,285612,12.5623895253716,9.82774951322829
"Ardennes",2016,0,1,12,18772.3333333333,14.5187338877084,10.0189060787156,283004,12.5532163108011,9.84013943369962
"Ardennes",2017,0,1,11.075,19040,14.7948062772289,9.47974568120513,280032,12.5426591613356,9.85429730834536
"Ariege",2012,0,0,11.65,18084,14.4776953001351,10.5144647189172,158154,11.9713245208578,9.8027828484145
"Ariege",2013,0,0,12.375,18522.6086956522,14.9860253778756,9.20604385256833,158379,11.9727461738159,9.82674735657713
"Ariege",2014,0,0,12.2,18686.1538461538,15.4109109618161,8.67643266157351,158076,11.9708312090178,9.83553809254997
"Ariege",2015,0,0,12.375,18715.5555555556,16.1311503041925,9.81523862543171,157904,11.9697425324118,9.83711030493964
"Ariege",2016,0,0,12.075,18934,16.623971532205,8.24402065823613,158205,11.9716469393788,9.84871452668884
"Ariege",2017,0,0,11.575,19190,16.6283626755052,8.44374427888546,157210,11.9653377701856,9.86214458900175
"Aube",2012,0,0,10.775,18693.3333333333,14.6314311812723,13.4915937666948,313892,12.6568042566818,9.83592223304036
"Aube",2013,0,0,11.75,19120.7407407407,14.8282529542159,14.1983187537561,314825,12.659772207874,9.85852892752549
"Aube",2014,0,0,12.15,19255.3333333333,15.089800321414,11.0954756758916,316098,12.663807571072,9.86554335761998
"Aube",2015,0,0,12.75,19481,15.5253185375623,11.8180153093552,316888,12.6663036781271,9.8771949105812
"Aube",2016,0,0,12.65,19614,16.0032320629434,10.2176599171463,316639,12.6655176026707,9.88399887595227
"Aube",2017,0,0,11.95,19820,16.6742474166871,9.7156369610521,317118,12.667029223343,9.89444680788398
"Aude",2012,0,0,12.825,17230.6666666667,14.635527728844,12.4568181809458,372259,12.8273451275542,9.75444602097697
"Aude",2013,0,0,13.675,17653.3333333333,14.9926548178271,11.1765151605939,374868,12.834329242986,9.77867990194278
"Aude",2014,0,0,13.9,17793.4782608696,15.0768857961782,9.72315609216554,375065,12.8348546232654,9.78658727930423
"Aude",2015,0,0,13.975,18130,15.5783732225864,10.8897512978728,376667,12.8391167869758,9.8053233037489
"Aude",2016,0,0,13.3,18339.2307692308,15.919675249933,9.45849057570262,377580,12.841537745749,9.8167978021408
"Aude",2017,0,0,12.4,18560,16.3934645739909,9.55738994215065,379094,12.8455394744206,9.82876400634019
"Aveyron",2012,0,0,6.825,18670.4166666667,10.3670313997633,11.813560173084,287806,12.5700419210291,9.83469555373005
"Aveyron",2013,0,0,7.5,19134,10.4793065397929,11.1475565460464,289257,12.5750708452817,9.85922213623811
"Aveyron",2014,0,0,7.325,19424,10.8567070944443,9.19085218765817,289901,12.5772947643691,9.87426469385922
"Aveyron",2015,0,0,7.45,19565,10.9505835305349,10.2897314211664,290199,12.5783221735269,9.88149753464451
"Aveyron",2016,0,0,7.3,19874.7826086956,11.2971868466383,9.14373990638191,289481,12.5758449434442,9.89720700153545
"Aveyron",2017,0,0,6.9,20090,11.6688800348907,8.55048466157258,289488,12.5758691243589,9.90797745780898
"Bas-Rhin",2012,1,1,8.25,21182.2580645161,13.216779634358,13.9311861000503,1124434,13.9327903559067,9.96091922652816
"Bas-Rhin",2013,1,1,8.8,21495.3333333333,13.3976659648773,14.6414280797481,1128825,13.9366878266887,9.9755911362925
"Bas-Rhin",2014,1,1,8.8,21647,13.5529752744884,12.4503578743158,1131812,13.9393304462143,9.98262215569986
"Bas-Rhin",2015,1,1,8.975,21512.4242424242,13.6973934554961,12.8399113877419,1134800,13.9419669819168,9.97638591895284
"Bas-Rhin",2016,1,1,8.75,21772,14.0044983972048,11.8333674172764,1139258,13.9458877312652,9.98838001955409
"Bas-Rhin",2017,1,1,8.1,22090,14.1099443565841,11.4480402152719,1141511,13.9478633813488,10.0028802964142
"Bouches-du-Rhone",2012,1,1,11.725,19424.7142857143,18.4459799909458,15.7898215246529,2014702,14.5159818516071,9.87430146654154
"Bouches-du-Rhone",2013,1,1,12.05,19784.2857142857,18.7052293095814,14.7214172175041,2022604,14.5198963481008,9.89264325078145
"Bouches-du-Rhone",2014,1,1,11.875,19955.3333333333,18.8572848433141,12.848224068261,2035475,14.5262397648552,9.90125172159455
"Bouches-du-Rhone",2015,1,1,11.9,20287,19.1667626734132,14.432302520814,2045149,14.5309812054405,9.91773556580133
"Bouches-du-Rhone",2016,1,1,11.65,20523.5714285714,19.414190157824,12.5743064117802,2047433,14.5320973713412,9.9293293303671
"Bouches-du-Rhone",2017,1,1,11.225,20800,19.7494279624706,12.4432408614596,2048504,14.5326203286154,9.94270826568941
"Calvados",2012,0,1,9.35,19402.6666666667,13.1865791353616,12.7787799577568,704567,13.4653387087087,9.87316579264974
"Calvados",2013,0,1,9.75,19850,13.481480181811,12.9942774165257,706635,13.4682695456553,9.89595928611534
"Calvados",2014,0,1,9.725,20045.7142857143,13.5115934162259,10.4145969523843,708407,13.4707740662649,9.9057706585507
"Calvados",2015,0,1,9.9,20276.1904761905,13.8636402372505,10.2533914252997,709986,13.4730005305132,9.91720259371809
"Calvados",2016,0,1,9.4,20556,14.038383519421,10.3818155500624,709715,13.4726187599809,9.93090814811212
"Calvados",2017,0,1,8.7,20880,14.2151633754524,9.21212780979464,708344,13.4706851303827,9.94654704199658
"Cantal",2012,0,1,6.475,18214,10.8342125531618,11.4451432144991,153268,11.9399433020398,9.80994580812776
"Cantal",2013,0,1,6.8,18710.6666666667,10.9932805665545,11.3139112123957,152797,11.936865522014,9.83684905020292
"Cantal",2014,0,1,6.525,19030,11.1752598282625,9.27966357599806,152400,11.9342639222347,9.8537719602902
"Cantal",2015,0,1,6.55,19260.4444444444,11.3152114587163,10.3186088820121,151920,11.9311093454862,9.86580876112141
"Cantal",2016,0,1,6.25,19573.8095238095,11.399372198522,9.16241856158945,151615,11.9290996918867,9.88194770285686
"Cantal",2017,0,1,5.675,19880,11.5802384369323,8.52920143379192,150185,11.9196231464809,9.89746948021057
"Charente",2012,0,0,10.125,18756.9230769231,12.467925492726,12.9536567728041,366776,12.8125065864713,9.83931819401888
"Charente",2013,0,0,10.35,19265.3333333333,12.9454424612051,13.4799420712393,366587,12.8119911527661,9.86606255944539
"Charente",2014,0,0,10.15,19450,13.2985891834444,10.3369876914055,366787,12.8125365770788,9.87560234904659
"Charente",2015,0,0,10.175,19627.3333333333,13.5860009988782,11.9671687216624,366289,12.811177918286,9.88467843154907
"Charente",2016,0,0,9.775,19816.0655737705,14.0590429940121,10.1569587222741,365697,12.8095604006584,9.89424828029626
"Charente",2017,0,0,8.975,20070,14.4236620215943,10.0402751643618,361539,12.7981251985793,9.90698144179038
"Charente-Maritime",2012,0,0,9.95,19144,12.5577259139147,12.7485728278459,648031,13.3816938136963,9.85974462958821
"Charente-Maritime",2013,0,0,10.575,19631,12.7674489769128,13.4265098588133,652610,13.3887349863461,9.88486522840803
"Charente-Maritime",2014,0,0,10.55,19800,13.0017671588559,10.2888153874814,656046,13.393986187419,9.89343721668263
"Charente-Maritime",2015,0,0,10.85,20032,13.2662605985232,12.0581036414292,658529,13.3977638386794,9.90508627389982
"Charente-Maritime",2016,0,0,10.4,20270,13.753650832772,10.2888643893777,660458,13.4006888127319,9.91689723944605
"Charente-Maritime",2017,0,0,9.6,20610,13.866671237552,10.3067377188123,659968,13.3999466279787,9.9335316738845
"Cher",2012,0,1,9.8,18973.8095238095,12.8434737833418,12.0013401149161,320019,12.6761356480133,9.85081486110247
"Cher",2013,0,1,10.4,19440.7142857143,13.0371973680009,13.2381007392614,319693,12.6751164392812,9.87512482043172
"Cher",2014,0,1,10.25,19617,13.3293030997979,9.5576709829505,318590,12.671660288646,9.88415181622939
"Cher",2015,0,1,10.575,19772,13.540949296107,10.8678257900554,317101,12.6669756141008,9.89202207442685
"Cher",2016,0,1,10.425,19932.5,13.8585969382227,9.67184612479977,315100,12.6606453277454,9.90010684437665
"Cher",2017,0,1,9.825,20240,14.1503955969904,9.00176756990154,311456,12.6490133552262,9.9154161234014
"Correze",2012,0,1,7.55,18880,11.6253848264738,11.0245676302857,249856,12.4286400308927,9.84585843969949
"Correze",2013,0,1,8.15,19345.6,11.9732480237996,11.2066814517059,249452,12.4270217908958,9.87022028241998
"Correze",2014,0,1,8,19537,12.4138735729037,8.6746193837168,249684,12.4279513973226,9.88006538259163
"Correze",2015,0,1,8.3,19902.6666666667,12.5268797742934,10.0229564035194,250077,12.4295241494221,9.89860900508502
"Correze",2016,0,1,8.2,20082.0833333333,12.6953685327372,8.75945308252519,249707,12.4280435095153,9.90758332008386
"Correze",2017,0,1,7.475,20410,12.9255413903509,8.20342947726592,249135,12.4257501972012,9.92378025580389
"Corse-du-Sud",2012,0,0,8.7,19068,17.9874292702043,12.6312586105795,147823,11.9037708910863,9.85576681632472
"Corse-du-Sud",2013,0,0,9.225,19490.5,18.2484087552792,11.4766421714506,151621,11.9291392650245,9.87768244635418
"Corse-du-Sud",2014,0,0,9.375,19731.5,18.2654588738992,11.9196141568904,154100,11.9453570213082,9.88997162248261
"Corse-du-Sud",2015,0,0,9.675,20072.6666666667,17.8987572941713,11.673954982521,155285,11.9530174172214,9.90711430125848
"Corse-du-Sud",2016,0,0,9.375,20366.6666666667,18.0684846339982,10.86561782129,156958,11.9637335326181,9.92165485649158
"Corse-du-Sud",2017,0,0,9.05,20860,18.068059051247,10.8962103850698,159768,11.9814780419486,9.94558872855476
"Cote-d'Or",2012,1,0,7.95,20462,12.6433219281683,12.369455823223,541517,13.2021297392056,9.92632478643888
"Cote-d'Or",2013,1,0,8.525,20855.2666666667,12.9796090232991,13.2685599996468,543648,13.2060572575816,9.94536179325113
"Cote-d'Or",2014,1,0,8.425,21034.6666666667,13.3133077568838,9.8094157963568,545001,13.2085429085061,9.9539271492942
"Cote-d'Or",2015,1,0,8.65,21223.75,13.3941374617981,10.9336319473239,546601,13.2114743819658,9.96287611663022
"Cote-d'Or",2016,1,0,8.35,21394,13.6430572908728,9.71906032705857,546466,13.2112273705737,9.97086578786608
"Cote-d'Or",2017,1,0,7.675,21680,13.9070220353857,9.08546650726666,545798,13.2100042229037,9.98414545555358
"Cotes-d'Armor",2012,0,0,8.225,19341.4285714286,11.0064325399729,12.0110494726003,616013,13.3310233461891,9.87000463243385
"Cotes-d'Armor",2013,0,0,8.925,19844,11.204727935939,12.2699445219674,617565,13.3335396051024,9.89565697342094
"Cotes-d'Armor",2014,0,0,9,20018.5,11.5436152893101,10.6834966403762,617413,13.33329344687,9.90441212498726
"Cotes-d'Armor",2015,0,0,9.15,20064.2307692308,11.6775594939272,9.84982883301159,618156,13.3344961317699,9.90669394502274
"Cotes-d'Armor",2016,0,0,9,20279,12.0020163097247,9.62790698000904,618478,13.3350169002548,9.91734114682466
"Cotes-d'Armor",2017,0,0,8.3,20590,12.326030716049,9.57384015953452,617107,13.3327977076252,9.93256080002184
"Creuse",2012,0,0,9.525,17301.3043478261,13.4383221098198,11.1558353805718,126511,11.748084539891,9.75853717347185
"Creuse",2013,0,0,9.975,17745.5,13.6409211731108,12.0529637578371,125714,11.7417647646692,9.78388724163489
"Creuse",2014,0,0,9.625,17984,13.2067940621919,8.83237101068075,124948,11.7356529297324,9.79723775269342
"Creuse",2015,0,0,9.75,18354.4,13.4717047259215,9.98903562366523,124569,11.7326150582329,9.81762460675595
"Creuse",2016,0,0,9.3,18586.7948717949,13.4861119094107,9.18845209252336,123500,11.7239964350502,9.83020665443592
"Creuse",2017,0,0,8.7,18820,13.7434505988731,8.30870701522733,122133,11.7128658938526,9.84267541313937
"Deux-Sevres",2012,0,0,7.3,18818.6666666667,10.1801234503245,12.7282449226347,383123,12.8561113654306,9.84260456401256
"Deux-Sevres",2013,0,0,7.7,19335.3333333333,10.3123282764733,13.4998871350396,383079,12.8559965132113,9.8696894437859
"Deux-Sevres",2014,0,0,7.725,19584,10.7240977276494,10.2591422067001,384655,12.8601021076327,9.88246818531205
"Deux-Sevres",2015,0,0,7.95,19676.3452380952,11.0433777897207,11.2965857844051,385395,12.8620240613443,9.88717244391373
"Deux-Sevres",2016,0,0,7.825,19898,11.4239637733192,10.6540067695064,385495,12.8622835017328,9.89837450314931
"Deux-Sevres",2017,0,0,7.125,20180,11.7281734132403,10.2171275385616,384479,12.8596444500514,9.9124472939076
"Dordogne",2012,0,1,10.375,18264.4444444444,12.4416629404902,12.0775132826862,429268,12.9698367114857,9.81271152236627
"Dordogne",2013,0,1,10.7,18755.7142857143,12.6032814066322,11.8149753437238,429579,12.9705609383004,9.83925374687284
"Dordogne",2014,0,1,10.7,18971,12.945765975087,9.41482360003027,428651,12.9683983470098,9.85066677635255
"Dordogne",2015,0,1,10.8,19065,13.1294237977516,10.9059654829716,427579,12.965894345608,9.85560947229166
"Dordogne",2016,0,1,10.4,19279.5,13.472322666872,9.12444992062716,426667,12.9637591284774,9.8667976342183
"Dordogne",2017,0,1,9.725,19540,13.7582604891541,8.92088391969888,424095,12.9577127657209,9.88021892559677
"Doubs",2012,0,0,8.9,20226.6666666667,13.4600954997531,12.3354874921961,545888,13.2101691054802,9.91475714479436
"Doubs",2013,0,0,9.475,20643.9285714286,13.7172647818975,12.9899454857005,548026,13.2140780100601,9.93517653924658
"Doubs",2014,0,0,9.4,20924,13.8527278262732,9.86666131631314,549155,13.2161360121555,9.9486521044905
"Doubs",2015,0,0,9.5,21324.6666666667,13.9095076434154,10.7024535051594,551143,13.2197495825941,9.96761974113181
"Doubs",2016,0,0,9.15,21662,14.1444262545274,9.52961835714393,552619,13.2224240737975,9.98331485239568
"Doubs",2017,0,0,8.25,21900,14.4333502094498,9.09791533116579,552643,13.2224675024144,9.99424191580459
"Drome",2012,0,1,10.375,18930.6666666667,13.371368288298,13.6002410029867,506210,13.1347068819356,9.84853846105111
"Drome",2013,0,1,10.875,19391.3333333333,13.7961776162074,13.2538492426462,509444,13.1410752139261,9.87258150984024
"Drome",2014,0,1,10.825,19569.2307692308,13.9403010859867,11.1473691295246,514104,13.1501808586008,9.88171375298657
"Drome",2015,0,1,11.25,19843.3333333333,14.1086821357447,12.138987822615,519264,13.1601677033393,9.89562337747933
"Drome",2016,0,1,10.975,20103.3333333333,14.2910539962007,10.6436738598888,522276,13.1659514627655,9.90864091777692
"Drome",2017,0,1,10.2,20440,14.5182969702269,10.5630740424782,524574,13.170341783616,9.92524904431764
"Essonne",2012,0,1,7.025,22615.2,15.7372066000272,14.2015363729436,1257065,14.0442901966571,10.0263775255607
"Essonne",2013,0,1,7.525,22819.3333333333,16.0084498715381,15.6859015009277,1273233,14.0570698929986,10.0353634088497
"Essonne",2014,0,1,7.625,22954,16.363526644615,11.435969272567,1286908,14.0677529999517,10.0412474922406
"Essonne",2015,0,1,7.8,22978,16.6607380217875,12.2624943591435,1294240,14.0734342082518,10.0422925154133
"Essonne",2016,0,1,7.75,23126.8,17.1707265616164,11.1582015443053,1305061,14.0817603409415,10.0487473971893
"Essonne",2017,0,1,7.35,23360,17.5291900816176,10.4657930368974,1310599,14.0859948425779,10.0587804369422
"Eure",2012,0,1,10.2,19841,12.7278299798632,14.3331671145406,609226,13.3199445780156,9.89550578279447
"Eure",2013,0,1,10.775,20287.9166666667,12.9685350723371,15.2022506830827,612518,13.3253336087243,9.91778074971012
"Eure",2014,0,1,10.575,20445,13.2076572971178,11.5477089023333,616076,13.3311256115288,9.92549363279874
"Eure",2015,0,1,10.55,20554.2857142857,13.5717353324157,11.9561590373355,619392,13.3364936307129,9.93082474875425
"Eure",2016,0,1,10.425,20783.3333333333,13.9230252959706,11.3711994629986,620046,13.3375489478175,9.94190666244007
"Eure",2017,0,1,9.675,21060,14.3519119293702,10.3708221046108,614926,13.3292572143457,9.95513078568797
"Eure-et-Loir",2012,0,0,9.075,20310,11.8586928992487,13.2189722204208,443490,13.0024305325632,9.91886865457443
"Eure-et-Loir",2013,0,0,9.575,20715.5,12.2972557171753,14.801624998649,444385,13.0044465828026,9.93863749131893
"Eure-et-Loir",2014,0,0,9.625,20829,12.3680033998345,10.6098194436232,445083,13.0060160606102,9.94410152542138
"Eure-et-Loir",2015,0,0,9.65,20961.3666666667,12.6425682764755,11.3881111089389,445361,13.0066404682294,9.95043633987166
"Eure-et-Loir",2016,0,0,9.475,21132.6666666667,12.9040585683264,10.6552083420753,445281,13.0064608225351,9.95857530551831
"Eure-et-Loir",2017,0,0,8.875,21360,13.3104875021176,9.82513888173633,443538,13.0025387591357,9.96927529307413
"Finistere",2012,1,0,8.475,19748.6666666667,12.497314845689,11.2899306004802,932896,13.7460490052349,9.89084125750181
"Finistere",2013,1,0,9.025,20267.3333333333,12.7579118320044,11.750054789652,934625,13.7479006583022,9.91676567348197
"Finistere",2014,1,0,9,20471.25,12.9655583194807,11.2697796221847,935393,13.7487220408164,9.92677674176408
"Finistere",2015,1,0,9.175,20481,13.0853305640539,9.8750760925973,936478,13.7498813088658,9.92725290608639
"Finistere",2016,1,0,8.925,20701.3333333333,13.3884317342776,9.64223791768283,936432,13.7498321874452,9.93795338941741
"Finistere",2017,1,0,8.175,21030,13.590717789835,9.72183124159513,933992,13.7472231518638,9.95370526869675
"Gard",2012,0,1,12.675,18020,15.7318404324923,13.9374848364048,742441,13.5176986852223,9.79923753116233
"Gard",2013,0,1,13.6,18419.5238095238,15.7444124947798,13.1444629870572,750025,13.5278618182903,9.82116645765775
"Gard",2014,0,1,13.825,18602.8,16.0716777436086,11.5483464879318,752382,13.5309994526779,9.83106738600605
"Gard",2015,0,1,14,18945.6571428571,16.0754177837181,12.5439168738509,754170,13.5333730857678,9.84933000972667
"Gard",2016,0,1,13.475,19157.2222222222,16.3487151794785,10.7539745130875,757564,13.5378633012456,9.86043506305118
"Gard",2017,0,1,12.675,19490,16.6775916521083,10.4302639616925,757764,13.5381272705,9.87765679250161
"Gers",2012,0,1,7.325,19066.8421052632,12.4380515815814,12.9976088831712,196930,12.1906036146262,9.85570608998244
"Gers",2013,0,1,7.95,19487.3333333333,12.6787929963721,11.6227013893084,197598,12.1939899427872,9.87751996083854
"Gers",2014,0,1,7.95,19501.3043478261,12.4428701099689,9.61349274458588,197988,12.1959617017794,9.87823663194693
"Gers",2015,0,1,8.275,19687.3333333333,12.6933202346286,10.9371619700978,198213,12.1970974890399,9.88773072992369
"Gers",2016,0,1,8,19876.9230769231,12.9514890052482,8.74497582693233,197851,12.1952695011349,9.89731469342905
"Gers",2017,0,1,7.175,20130,13.7769571479729,9.57978935347573,197953,12.1957849077617,9.90996651863384
"Gironde",2012,1,1,9.525,20388,14.696445705861,12.9234591952995,1514870,14.230840184663,9.92270177145993
"Gironde",2013,1,1,9.875,20800.5,14.9468639022153,12.2841009170856,1536448,14.24498381683,9.94273230386203
"Gironde",2014,1,1,9.975,20979.3333333333,15.280009325034,9.77311208742253,1556663,14.2580549855138,9.95129310515053
"Gironde",2015,1,1,10.2,21072.7777777778,15.5723457100945,11.8299695226729,1578386,14.2719133639097,9.95573733378868
"Gironde",2016,1,1,9.875,21361.2,15.6419123077492,9.89586861542108,1595903,14.2829502782025,9.96933147127139
"Gironde",2017,1,1,9.3,21710,15.9043434499962,10.6315357305218,1607545,14.2902187284813,9.98552826287234
"Haut-Rhin",2012,0,1,9.35,21482.6666666667,13.1263393005701,12.9060791794923,771668,13.5563096846946,9.97500168741013
"Haut-Rhin",2013,0,1,9.925,21803.3333333333,13.3402623018652,13.7556314814439,774976,13.560587340114,9.98981814228715
"Haut-Rhin",2014,0,1,9.85,21963.3333333333,13.6252792904815,10.8965362904771,775941,13.561831765347,9.99712967523975
"Haut-Rhin",2015,0,1,9.975,21919,13.8136870734135,11.7815033104148,777878,13.5643249785249,9.99510911958335
"Haut-Rhin",2016,0,1,9.8,22283.3333333333,13.9469216003482,10.7127945313018,777734,13.564139842385,10.011594293862
"Haut-Rhin",2017,0,1,9.025,22490,14.2673447651988,10.1054665487291,777917,13.5643751136648,10.0208260449534
"Haute-Corse",2012,0,0,9.825,17613.3333333333,18.1398103904491,12.4429961130313,173659,12.0648488852196,9.77641146996815
"Haute-Corse",2013,0,0,10.625,17993,18.6391274117728,10.8517120667469,173889,12.0661724435976,9.79773807235252
"Haute-Corse",2014,0,0,11.2,18200,18.8787183090329,11.2439494194224,175499,12.0753886238661,9.80917687306489
"Haute-Corse",2015,0,0,11.625,18530.4347826087,19.0091367968679,11.6467120680828,177438,12.086376531105,9.8271697827175
"Haute-Corse",2016,0,0,11.025,18803.3333333333,19.7465728694663,10.5850194527481,179037,12.0953477673732,9.84178943806591
"Haute-Corse",2017,0,0,10.1,19260,19.9102728626435,10.5419649806004,180465,12.1032921321357,9.86578568535212
"Haute-Garonne",2012,0,1,9.65,21474.6666666667,15.0809183151382,12.9347782992898,1306125,14.0825752963364,9.97462922480727
"Haute-Garonne",2013,0,1,10.225,21791.5384615385,15.2345321174829,11.5023657776746,1325392,14.0972188227044,9.98927702946369
"Haute-Garonne",2014,0,1,10.425,21974.5,15.4401580049986,10.0004674875292,1344579,14.1115915108674,9.99763796916597
"Haute-Garonne",2015,0,1,10.55,21989,15.6745289399066,11.3974075709174,1361286,14.1239403991606,9.99829760729877
"Haute-Garonne",2016,0,1,10.05,22223.3333333333,16.0294172252628,9.43259669039232,1373626,14.1329645167497,10.008898066944
"Haute-Garonne",2017,0,1,9.125,22510,16.2855830782739,9.75907353284863,1385122,14.1412987803668,10.0217149339008
"Haute-Loire",2012,0,1,7.9,18855.5,11.394033608448,12.1661772412075,233488,12.3608859629075,9.8445599275058
"Haute-Loire",2013,0,1,8.475,19208.3333333333,11.4982849986864,12.3735011365317,233918,12.3627259055754,9.86309949163084
"Haute-Loire",2014,0,1,8.4,19452.7777777778,11.4703034116874,9.7932529266096,234078,12.36340967213,9.8757451551875
"Haute-Loire",2015,0,1,8.45,19604,11.6383277023883,10.701101207083,234555,12.3654453809457,9.88348890602944
"Haute-Loire",2016,0,1,8.275,19828.0952380952,11.9263698360098,9.73585038117607,234613,12.365692627136,9.89485516234132
"Haute-Loire",2017,0,1,7.475,20140,11.8861951538625,8.92429645593674,234190,12.3638880306859,9.91046316627255
"Haute-Marne",2012,0,1,9.075,18180.6666666667,12.3474493225799,12.3596930066571,188859,12.1487559838756,9.80811403739283
"Haute-Marne",2013,0,1,9.7,18717.9411764706,12.4155597809118,13.590022495977,188083,12.144638633746,9.83723776409396
"Haute-Marne",2014,0,1,9.5,18887.0833333333,12.2950779445567,9.99716818444672,186698,12.1372476170996,9.84623354589204
"Haute-Marne",2015,0,1,9.675,19091.3333333333,12.579138322576,10.6154955645252,184987,12.1280408313211,9.85698975887655
"Haute-Marne",2016,0,1,9.225,19342.5,12.9078741164555,9.5698557671091,183720,12.1211681384397,9.87006002642361
"Haute-Marne",2017,0,1,8.35,19700,13.2626842833958,9.12360725425548,180753,12.1048867373936,9.88837391472608
"Haute-Saone",2012,0,0,9.5,18508,12.1679132509829,12.8181649127955,247742,12.4201431610553,9.82595835002689
"Haute-Saone",2013,0,0,10.225,18993.8888888889,12.6853701812262,13.7243335397807,246782,12.4162606348042,9.85187256898527
"Haute-Saone",2014,0,0,10.225,19177.5,12.9736072002602,10.023047125273,246022,12.4131762418101,9.86149299583345
"Haute-Saone",2015,0,0,9.925,19460,13.2197107524021,10.8769373935125,245130,12.4095439610469,9.87611635574
"Haute-Saone",2016,0,0,9.35,19747.3333333333,13.5321077091364,9.82537197564155,244305,12.4061727236758,9.89077374011605
"Haute-Saone",2017,0,0,8.65,20090,14.0096830270132,9.09017359064886,243264,12.4019025523489,9.90797745780898
"Haute-Savoie",2012,0,1,7.125,23658,13.452569791301,13.4804750336918,780341,13.5674862826178,10.0714566031057
"Haute-Savoie",2013,0,1,7.45,24022.5,13.6624411419106,13.5941649553418,793342,13.5840096812896,10.0867461701514
"Haute-Savoie",2014,0,1,7.475,24375,13.9640519869935,10.6498784371485,806447,13.600393458331,10.101313295866
"Haute-Savoie",2015,0,1,7.675,25001.1428571429,14.2085992744573,12.5173929373929,816748,13.6130858807306,10.1266768170912
"Haute-Savoie",2016,0,1,7.425,25439.5238095238,14.4518735905415,10.8927997079367,823928,13.6218384264331,10.1440592990998
"Haute-Savoie",2017,0,1,6.85,25700,14.682975644038,11.1005610659877,828417,13.6272719297802,10.1542462708833
"Haute-Vienne",2012,0,0,9.275,19118,13.2029492975098,11.2273942863763,384604,12.8599695124987,9.85838557862371
"Haute-Vienne",2013,0,0,9.775,19492,13.6871292792438,11.8630441529537,384411,12.8594675716938,9.8777594039634
"Haute-Vienne",2014,0,0,9.7,19698,13.8179374665471,8.94429415642326,384708,12.8602398839492,9.88827238672965
"Haute-Vienne",2015,0,0,9.925,19953.3333333333,14.1588803015422,10.2943097023822,384226,12.8589862001138,9.90115149273858
"Haute-Vienne",2016,0,0,9.65,20136,14.5389996831161,9.37184389728812,383215,12.8563514683628,9.91026453681515
"Haute-Vienne",2017,0,0,8.775,20400,14.792457267277,8.62686569877525,381379,12.8515489103284,9.92329017983231
"Hautes-Alpes",2012,0,0,8.65,18848.6956521739,14.905084331889,13.3584343082752,144950,11.8841441343498,9.84419899431085
"Hautes-Alpes",2013,0,0,9.25,19199,14.6454065539296,11.8019726678576,144640,11.882003175626,9.86261347332616
"Hautes-Alpes",2014,0,0,9.25,19386.1904761905,14.6232491244833,11.2977943503364,145213,11.8859569090456,9.87231626045515
"Hautes-Alpes",2015,0,0,9.475,19725.7142857143,14.5565698813812,12.3070052821801,146060,11.8917727751741,9.88967835726194
"Hautes-Alpes",2016,0,0,9.275,19948.6666666667,15.01566809808,11.0894377150866,146148,11.8923750858751,9.90091758633349
"Hautes-Alpes",2017,0,0,8.75,20350,14.708143378863,11.5650823256287,145883,11.890560209559,9.92083619087074
"Hautes-Pyrenees",2012,0,1,10.825,18885.3333333333,14.3676772602853,11.7160696461364,236996,12.3757985423377,9.84614088568357
"Hautes-Pyrenees",2013,0,1,11.425,19359.3333333333,14.6586533574111,10.0881328807966,236728,12.3746670817041,9.87092992497595
"Hautes-Pyrenees",2014,0,1,11.425,19427.3333333333,14.9534154002421,9.60792475622703,236577,12.3740290153194,9.87443628814212
"Hautes-Pyrenees",2015,0,1,11.6,19522.5,15.1554304603325,10.7827696595069,236017,12.3716591153117,9.87932292553683
"Hautes-Pyrenees",2016,0,1,11.325,19673,15.3061989640114,8.47138284267558,235131,12.3678980846191,9.88700241627627
"Hautes-Pyrenees",2017,0,1,10.4,19910,15.9128983674994,9.12339404508641,234591,12.3655988512943,9.89897739705824
"Hauts-de-Seine",2012,0,1,7.4,25521.9512195122,17.7437823757094,16.2613953169002,1606154,14.2893530593026,10.1472941929808
"Hauts-de-Seine",2013,0,1,7.725,25787.1428571429,17.7943893345394,18.0874418924021,1611290,14.2925456583735,10.1576313078272
"Hauts-de-Seine",2014,0,1,7.775,25960.6666666667,18.007483050972,13.3595348801724,1617484,14.2963824134999,10.1643378510224
"Hauts-de-Seine",2015,0,1,7.85,26225,18.1514774780585,14.2595348535582,1620776,14.2984156048645,10.1744684332645
"Hauts-de-Seine",2016,0,1,7.55,26571.3333333333,18.3868051368997,13.226976776123,1622143,14.2992586725334,10.1875882194042
"Hauts-de-Seine",2017,0,1,7.1,27090,18.6564061023413,12.3897674383119,1625917,14.3015825222766,10.2069199350791
"Herault",2012,1,0,13.575,18411.5,16.4808065285742,12.9894433237477,1097047,13.9081325824599,9.82073074836592
"Herault",2013,1,0,14.375,18764.6666666667,16.5500610425547,11.7787424278149,1111881,13.9215637336777,9.83973094784442
"Herault",2014,1,0,14.35,18973.7797619048,16.804428988511,10.4575713920016,1127333,13.9353652240895,9.850813292523
"Herault",2015,1,0,14.2,19319,17.1825753329073,11.2693250669606,1140030,13.9465651358139,9.86884434659255
"Herault",2016,1,0,13.825,19575,17.548614128561,10.1134698632336,1152125,13.957118621296,9.882008520859
"Herault",2017,1,0,13.125,19850,17.8235315594555,9.58357369153617,1162867,13.966399065546,9.89595928611534
"Ille-et-Vilaine",2012,1,0,7.65,20279.5652173913,11.3271155072684,12.3205583783086,1036181,13.8510523969662,9.91736901849065
"Ille-et-Vilaine",2013,1,0,8.125,20688.2608695652,11.6719347704038,12.3433043323394,1047873,13.8622729533137,9.93732171063657
"Ille-et-Vilaine",2014,1,0,8,20884.5833333333,11.7431227426386,10.2413584761266,1060051,13.8738275781384,9.94676652620956
"Ille-et-Vilaine",2015,1,0,8.125,20926,12.1391976512011,9.93646361777712,1070462,13.8836008889507,9.94874768394099
"Ille-et-Vilaine",2016,1,0,7.825,21184,12.4899577275545,10.1551970053561,1079333,13.8918538157189,9.96100145873674
"Ille-et-Vilaine",2017,1,0,7.125,21470,12.6380461599583,9.26868504235386,1084554,13.8966794005406,9.97441189087283
"Indre",2012,0,0,8.8,18427.619047619,12.0611789665763,12.1312138808784,235956,12.3714006259476,9.82160585336649
"Indre",2013,0,0,9.375,18926.5714285714,12.1448827875022,13.3479768865414,235181,12.3681107094306,9.84832210939329
"Indre",2014,0,0,9.5,19072,12.4214453565492,9.72804083065886,232802,12.3579435858678,9.85597656986508
"Indre",2015,0,0,9.675,19174.6666666667,12.8390953820158,10.8392694640051,230546,12.3482056876687,9.86134524233816
"Indre",2016,0,0,9.75,19385.5,13.433589195272,9.81842332184791,229772,12.3448427918904,9.87228064291142
"Indre",2017,0,0,9.075,19620,13.8116040534041,9.26108720179136,227999,12.337096521962,9.88430473311935
"Indre-et-Loire",2012,1,1,8.325,19952,12.2732132225482,12.7176156598772,612305,13.3249858033644,9.90108466791982
"Indre-et-Loire",2013,1,1,8.975,20402.6666666667,12.5242454284391,13.7439638728349,615557,13.3302828279549,9.92342089024358
"Indre-et-Loire",2014,1,1,9.075,20561,12.865963195376,10.3748699644315,619004,13.3358670136814,9.9311513565186
"Indre-et-Loire",2015,1,1,9.25,20710.2173913043,13.1247219342555,11.1066657523733,619651,13.336911695306,9.93838245125894
"Indre-et-Loire",2016,1,1,9.125,20842.5,13.3501592099358,10.1130988282633,620671,13.3385564298667,9.94474945028477
"Indre-et-Loire",2017,1,1,8.5,21100,13.6092549638568,9.9093347938949,618820,13.3355697177793,9.95702831946416
"Isere",2012,1,1,8.025,20824.6666666667,13.2747460551378,14.6930984833239,1253410,14.0413783950399,9.94389346050438
"Isere",2013,1,1,8.325,21213.3333333333,13.3942226396402,14.4268417108015,1263850,14.0496731757609,9.96238519378361
"Isere",2014,1,1,8.25,21406.6666666667,13.6310254348731,12.0616926987913,1271938,14.0560522795559,9.9714576789754
"Isere",2015,1,1,8.6,21672.8571428571,13.8545017465229,13.2541708225188,1278347,14.0610783950621,9.98381593368683
"Isere",2016,1,1,8.425,21884.4444444444,14.0330710097659,11.7776669992143,1279514,14.0619908762962,9.99353136408206
"Isere",2017,1,1,7.85,22260,14.1992116660325,11.632236631471,1283384,14.065010897336,10.0105466248295
"Jura",2012,0,0,7.075,19433.4782608696,12.4307383441971,12.4084215848701,271439,12.5114927153959,9.87475254132035
"Jura",2013,0,0,7.6,19920.4761904762,12.5777481637873,12.87816439959,270914,12.5095567063244,9.89950343599725
"Jura",2014,0,0,7.6,20166.1904761905,12.5785130960433,9.52091107133618,270826,12.5092318272283,9.91176274232115
"Jura",2015,0,0,7.75,20534.2857142857,12.8613018310821,10.895932091607,270474,12.5079312543496,9.92985124196712
"Jura",2016,0,0,7.525,20830.6666666667,13.2120174739441,9.40447134289507,270142,12.5067030256559,9.94418153886368
"Jura",2017,0,0,6.85,21050,13.3226048102417,8.91405277104714,269344,12.5037446520113,9.95465583911053
"Landes",2012,0,1,8.875,19594,12.1978730860674,12.5953439550197,406809,12.9160990668056,9.88297867590459
"Landes",2013,0,1,9.45,20024.6428571429,12.6665862909093,11.6650319618529,411197,12.9268276973766,9.90471893692822
"Landes",2014,0,1,9.525,20147.8260869565,12.8646926678693,9.45513786517554,414090,12.9338386204857,9.91085167505126
"Landes",2015,0,1,9.675,20229,13.2010495958997,11.2654899372967,416642,12.939982618858,9.91487249740269
"Landes",2016,0,1,9.525,20443.8461538462,13.3649770561271,8.89202367657753,418200,12.9437150659767,9.92543719461265
"Landes",2017,0,1,9.1,20800,13.8920567312663,9.91744108703252,419709,12.9473168929803,9.94270826568941
"Loir-et-Cher",2012,0,1,8.275,19562.7777777778,10.7479443944213,12.1492857251848,342224,12.7432207724052,9.88138394668472
"Loir-et-Cher",2013,0,1,8.975,19991,11.0749353556082,13.4044415554443,342471,12.7439422615667,9.90303745125574
"Loir-et-Cher",2014,0,1,8.9,20131.3043478261,11.4746146471792,9.87837662399589,344121,12.7487486186941,9.91003131275055
"Loir-et-Cher",2015,0,1,8.9,20328.6666666667,11.7142518755722,10.8033506582929,343392,12.7466279307269,9.91978731994958
"Loir-et-Cher",2016,0,1,8.6,20524.6428571429,12.0646948802829,9.84427272635621,343026,12.7455615250245,9.92938153378643
"Loir-et-Cher",2017,0,1,7.925,20720,12.4751404305957,9.5091948156233,340499,12.7381674677098,9.93885469637342
"Loire",2012,1,1,9.525,18866.1904761905,12.3735995620893,12.6061937308457,771367,13.555919544479,9.84512673542675
"Loire",2013,1,1,10.075,19317.3333333333,12.5915078522605,13.0489377101463,774144,13.559513181779,9.86875807201503
"Loire",2014,1,1,10.05,19515,12.739498768698,10.0900072115636,774262,13.5596655965852,9.87893867961471
"Loire",2015,1,1,10.225,19728.5714285714,12.8883758754704,11.270777817892,775977,13.5618781595508,9.88982319034207
"Loire",2016,1,1,9.975,19898,13.1670314482052,10.3527727824216,778211,13.5647529746164,9.89837450314931
"Loire",2017,1,1,9.25,20220,13.5119864947243,9.69169967965252,777328,13.5636176766974,9.91442749257446
"Loire-Atlantique",2012,0,1,7.95,20363.8461538462,11.7207242434666,12.5034470341683,1349609,14.1153254788342,9.92151636018354
"Loire-Atlantique",2013,0,1,8.55,20796.6666666667,11.9055967173693,12.5838698055662,1364453,14.1262641736857,9.94254799643672
"Loire-Atlantique",2014,0,1,8.65,20997.3333333333,12.1632799207947,10.2031828102343,1382766,14.1395963989344,9.95215072451541
"Loire-Atlantique",2015,0,1,8.8,21276,12.4694836927351,10.3770237769068,1400585,14.1524005644504,9.96533495586221
"Loire-Atlantique",2016,0,1,8.325,21548,12.7696479693746,10.5088878242035,1415805,14.1632088318882,9.97803828380042
"Loire-Atlantique",2017,0,1,7.575,21910,13.0455760852889,9.56185443104101,1423152,14.1683846879522,9.99469843258951
"Loiret",2012,1,1,9.15,20321.6666666667,12.7615989225219,12.3331741381591,681086,13.4314438620336,9.91944291932626
"Loiret",2013,1,1,9.775,20677.6470588235,12.9687944198738,13.9675606157217,684104,13.4358652318304,9.93680854356222
"Loiret",2014,1,1,9.95,20790,13.233563532049,10.1779696330001,688098,13.4416865486321,9.94222738085206
"Loiret",2015,1,1,10.05,20921.3333333333,13.4651155636877,11.2688341925549,691291,13.4463161428988,9.94852465101085
"Loiret",2016,1,1,9.875,21081,13.8108044600147,9.98359049788416,691942,13.4472574160582,9.95612743986031
"Loiret",2017,1,1,9.025,21280,14.2237823709635,9.56142542171268,692540,13.4481212771083,9.96552294345558
"Lot",2012,0,1,9.175,18787.8260869565,11.704311157025,11.5929753484858,181165,12.107163497201,9.84096439050177
"Lot",2013,0,1,9.5,19262.2222222222,11.9858442755099,11.0627490776047,180470,12.1033198379553,9.86590105887402
"Lot",2014,0,1,9.275,19506,12.4111754181397,8.88966565718324,180016,12.1008010148109,9.87847738953196
"Lot",2015,0,1,9.175,19664.6666666667,12.849858247778,10.3054204752058,179573,12.0983370894732,9.88657873413321
"Lot",2016,0,1,9.1,19928,12.6390893712231,8.69793988208198,179390,12.0973174856931,9.89988105694202
"Lot",2017,0,1,8.775,20220,12.972469251609,8.46114490830145,179556,12.0982424159714,9.91442749257446
"Lot-et-Garonne",2012,0,1,9.725,18132.1428571429,13.1135037688576,13.318720190516,342903,12.7452028873191,9.80544149076028
"Lot-et-Garonne",2013,0,1,10,18618,13.4211654645549,12.0312386956884,343645,12.7473644267567,9.83188413367644
"Lot-et-Garonne",2014,0,1,9.975,18756,13.753132299618,9.75949992575052,343198,12.7460628190731,9.83926898020948
"Lot-et-Garonne",2015,0,1,10.275,18917.3333333333,14.1963369162024,11.4498601744963,343059,12.7456577230176,9.84783388834529
"Lot-et-Garonne",2016,0,1,10.125,19078.5714285714,14.3133378621177,9.34732686463381,342358,12.7436122521745,9.85632106948279
"Lot-et-Garonne",2017,0,1,9.25,19300,14.6981529397096,9.94456326120248,341270,12.7404292318225,9.86786037489298
"Lozere",2012,0,0,5.575,18336.5217391304,11.1800580552239,12.0163962376413,81100,11.3034382401035,9.81665007346886
"Lozere",2013,0,0,6.05,18788.1666666667,10.9903906947942,11.6370111061507,80712,11.2986425420882,9.84098251801805
"Lozere",2014,0,0,5.925,19110,11.5938684118428,9.65111869352684,80423,11.2950554839087,9.85796703723432
"Lozere",2015,0,0,6.375,19346.1538461538,11.5292794317681,10.6643552576549,80176,11.2919794971995,9.87024891106039
"Lozere",2016,0,0,6.25,19570,11.499695049676,9.49004270421654,80141,11.2915428622755,9.88175306039012
"Lozere",2017,0,0,5.875,19770,11.375768888756,8.83224594863839,80240,11.2927774226358,9.89192091616466
"Maine-et-Loire",2012,0,1,8.6,19016.6666666667,10.4405685243747,12.2927211134606,819366,13.6162861494581,9.85307106662211
"Maine-et-Loire",2013,0,1,9.225,19479.5535714286,10.6567580444923,13.0808622539844,823546,13.6213746861776,9.87712065965613
"Maine-et-Loire",2014,0,1,9.3,19687.2,10.7510368201929,10.0893796061032,829156,13.6281635949424,9.88772395735665
"Maine-et-Loire",2015,0,1,9.525,19941.2,11.0431434650064,10.5928029046882,833080,13.632884954953,9.90054322224668
"Maine-et-Loire",2016,0,1,9.25,20123.3333333333,11.1155529220406,10.2536628180289,833602,13.6335113492106,9.90963528312236
"Maine-et-Loire",2017,0,1,8.475,20440,11.4222032798702,9.87016006640873,833154,13.6329737780115,9.92524904431764
"Manche",2012,0,0,8.1,18668.6666666667,10.7213120439904,11.7171687162616,517998,13.1577266602303,9.83460181816694
"Manche",2013,0,0,8.475,19249.0476190476,10.7732908528554,11.8306092221431,518364,13.1584329771644,9.86521686415685
"Manche",2014,0,0,8.425,19548.0952380952,10.92672168229,10.0794812944086,518322,13.1583519497366,9.88063313039042
"Manche",2015,0,0,8.45,19758.0952380952,11.1464305641047,9.57777927637776,517500,13.1567648041217,9.89131857182234
"Manche",2016,0,0,8.075,20003.0769230769,11.4166081903786,9.88670809778123,516010,13.1538814241209,9.90364138685687
"Manche",2017,0,0,7.275,20300,11.8436984801251,8.80888829829644,512923,13.1478810154213,9.91837616502988
"Marne",2012,0,0,9.125,19746.6666666667,13.7874605658554,14.3752267078196,582786,13.2755753310517,9.89073997971363
"Marne",2013,0,0,9.95,20153.0769230769,13.781664039961,14.9956950690892,583691,13.2771270121934,9.91111225661435
"Marne",2014,0,0,9.9,20314.2857142857,14.1074933610602,11.7936422578957,584297,13.2781646941806,9.91907964729596
"Marne",2015,0,0,9.875,20549.0476190476,14.4087542002252,12.0623418045804,585622,13.2804298092296,9.93056987427855
"Marne",2016,0,0,9.45,20780,14.6585799175377,10.7147483798124,584108,13.2778411762195,9.94174626465322
"Marne",2017,0,0,8.75,21020,15.073163809158,10.215585451644,580671,13.2719396103852,9.95322964443094
"Mayenne",2012,0,0,6.375,18789,8.74001605216677,11.9690551612675,318159,12.670306536804,9.84102687119352
"Mayenne",2013,0,0,6.825,19295,8.93192766706942,12.3547558671096,318095,12.6701053592861,9.86760127397172
"Mayenne",2014,0,0,6.75,19530.6666666667,9.247545816424,9.96831007040069,317716,12.6689131809662,9.87974115880613
"Mayenne",2015,0,0,7.025,19686.6666666667,9.57716552268694,9.90084020200982,318079,12.6700550585822,9.8876968666298
"Mayenne",2016,0,0,6.75,19873.5714285714,9.71253691928754,9.96298351844202,317742,12.6689950117088,9.89714605913147
"Mayenne",2017,0,0,6.125,20170,10.1090307275139,9.14304059188277,316750,12.6658680981834,9.91195163094826
"Meurthe-et-Moselle",2012,1,0,9.525,19619.4444444444,14.823985771487,13.3647660383101,747707,13.5247664689878,9.8842764169409
"Meurthe-et-Moselle",2013,1,0,10.1,20206,15.0098969680392,14.4126433253399,745398,13.5216735829005,9.91373486898768
"Meurthe-et-Moselle",2014,1,0,9.95,20397.7777777778,15.3043620564859,11.6004958167547,746687,13.5234013669352,9.92318124143686
"Meurthe-et-Moselle",2015,1,0,10.125,20502.380952381,15.5656990490458,11.7798729516199,748528,13.5258638902918,9.92829630240089
"Meurthe-et-Moselle",2016,1,0,9.875,20696.8,15.8476631148417,10.8189494875071,747614,13.52464208098,9.93773437793131
"Meurthe-et-Moselle",2017,1,0,9.275,20990,15.9964460128042,10.1988069429684,745300,13.5215421008698,9.95180141281468
"Meuse",2012,0,1,10.225,18608,12.1812172825042,12.8774765374389,199315,12.2026417667907,9.83134687475845
"Meuse",2013,0,1,10.575,19150.6666666667,12.5046482464371,14.2289233630342,198334,12.1977077571985,9.86009280688361
"Meuse",2014,0,1,10.25,19342.5,12.7584059180113,10.9989572478783,197763,12.1948246230393,9.87006002642361
"Meuse",2015,0,1,10.2,19453.3333333333,13.2266167914579,11.0477059497823,196681,12.189338405914,9.87577371396861
"Meuse",2016,0,1,9.825,19635.7142857143,13.9514037683979,9.90870698549949,195047,12.1809958341449,9.88510534453808
"Meuse",2017,0,1,9.075,19890,14.6164862646562,9.5383993828508,192588,12.1683084711092,9.89797237184802
"Morbihan",2012,0,0,8.475,19609.3333333333,11.7572256966942,11.7104340497823,756098,13.5359262763901,9.88376092235209
"Morbihan",2013,0,0,9.25,20117.9166666667,11.83718127728,11.8297908351955,761433,13.5429574632049,9.90936607345818
"Morbihan",2014,0,0,9.325,20302.2222222222,12.1000086379024,10.3066255608431,764338,13.5467653786919,9.91848562811356
"Morbihan",2015,0,0,9.45,20359.4444444444,12.1808976973038,9.66322089550271,767610,13.5510370706494,9.92130018367353
"Morbihan",2016,0,0,9.125,20607.3333333333,12.3892467265175,9.56095998086285,769772,13.5538496460863,9.93340227848433
"Morbihan",2017,0,0,8.4,20940,12.5636381249197,9.23644057866409,771911,13.556624537387,9.94941648442453
"Moselle",2012,1,0,9.8,19494.2857142857,13.8595684346488,13.3160140523989,1068417,13.8816886717349,9.8778766613141
"Moselle",2013,1,0,10.675,20149.3333333333,14.1064566476427,13.9074931732154,1068119,13.8814097155161,9.91092648163312
"Moselle",2014,1,0,10.625,20403,14.1990425030306,11.7292181663617,1065894,13.8793244416155,9.92343722784375
"Moselle",2015,1,0,10.525,20498,14.3876576589193,11.68497464262,1064593,13.8781031244597,9.92808259939151
"Moselle",2016,1,0,10.05,20753.3333333333,14.7277886118427,10.6349421098326,1064905,13.878396151269,9.94046215532749
"Moselle",2017,1,0,9.5,21050,15.0249655158978,10.1702874961407,1062217,13.8758687913613,9.95465583911053
"Nievre",2012,0,1,9.55,18413.3333333333,12.5458525666059,11.1386171443594,224349,12.320958154073,9.82083031885512
"Nievre",2013,0,1,9.75,18971,12.7333804094484,12.1890278262398,222688,12.3135269676446,9.85066677635255
"Nievre",2014,0,1,9.475,19181.2,12.9625663570525,8.87703813149734,221048,12.3061351514867,9.86168591165236
"Nievre",2015,0,1,9.575,19358.6666666667,13.3413005931143,10.1798210195485,219019,12.2969137630262,9.87089548793547
"Nievre",2016,0,1,9.175,19542,13.5910333285892,8.99908054887744,216182,12.283875924477,9.88032127450429
"Nievre",2017,0,1,8.25,19810,13.7495588817505,8.34256468582668,212742,12.2678354429084,9.8939421396926
"Nord",2012,1,0,12.8,18050.6666666667,16.3872617649932,14.870942046897,2627956,14.7817169156763,9.80093789752034
"Nord",2013,1,0,13.325,18574.6666666667,16.7416700583238,16.1619472722371,2635494,14.784581198667,9.82955392415801
"Nord",2014,1,0,13,18740,16.8732180245263,12.8653117233304,2640622,14.7865250534324,9.83841555579241
"Nord",2015,1,0,13.05,18920,17.1536868872554,12.2714226804438,2641081,14.7866988610096,9.84797484260587
"Nord",2016,1,0,12.625,19202.6666666667,17.4068549049145,11.5658472964018,2639070,14.7859371403326,9.86280443726059
"Nord",2017,1,0,12.2,19490,17.6438176067421,11.1051496876625,2635255,14.7844905094688,9.87765679250161
"Oise",2012,0,0,9.675,20216.1111111111,13.681678921581,15.0358640644115,830778,13.6301178901328,9.91423514524956
"Oise",2013,0,0,10.325,20632.6666666667,13.8704423221308,15.955694121891,835918,13.6362858011317,9.93463085930489
"Oise",2014,0,0,10.125,20804.6666666667,14.2105010304149,12.4462381874974,838646,13.6395439655414,9.94293259949906
"Oise",2015,0,0,10.225,20956.25,14.478611827324,12.6456625970958,841252,13.6426465373528,9.95019221021454
"Oise",2016,0,0,10.025,21210.4,14.8440930381977,11.8569412105979,842804,13.6444897069854,9.96224690640966
"Oise",2017,0,0,9.475,21500,15.1353817318093,10.9708373362649,841948,13.6434735335977,9.97580821411575
"Orne",2012,0,0,9.05,18197.8260869565,11.3429708134592,12.4286286075189,299461,12.6097394710303,9.80905742015905
"Orne",2013,0,0,9.425,18684,11.6971243412413,13.0680629704525,298248,12.6056806341539,9.835422821622
"Orne",2014,0,0,9.4,18864,11.8159982461577,10.0946771713051,297109,12.6018543538226,9.84501062277715
"Orne",2015,0,0,9.575,19060,12.2010160773505,10.3710512231992,295936,12.5978984937119,9.85534717720819
"Orne",2016,0,0,9.35,19264.6666666667,12.4302950111105,10.3007604110203,294421,12.5927659948146,9.86602795437575
"Orne",2017,0,0,8.7,19530,12.5805841344354,9.11890341670689,291557,12.5829908059659,9.87970702387072
"Paris",2012,1,1,7.975,25711,18.5090584002383,18.3449611811675,2265886,14.6334764103902,10.154674194875
"Paris",2013,1,1,8.225,25981.3333333333,18.4458547307875,20.2767441623895,2254262,14.6283332046262,10.1651336104371
"Paris",2014,1,1,8.225,26194.6666666667,18.5059008070187,15.1348837105803,2243739,14.6236542286997,10.1733111066866
"Paris",2015,1,1,8.125,26430.9,18.5782548233924,16.0248062222503,2228409,14.6167984358929,10.182289059232
"Paris",2016,1,1,7.8,26808,18.7432228063068,14.8488371871239,2210875,14.6088989227371,10.1964556294171
"Paris",2017,1,1,7.325,27400,18.825739181739,14.4023255710454,2204773,14.6061351137178,10.2182982923762
"Pas-de-Calais",2012,0,0,12.95,17155.3333333333,14.625204873653,14.1592356694647,1490820,14.214836862113,9.75006438578482
"Pas-de-Calais",2013,0,0,13.525,17706.1904761905,14.9775532220598,16.0879570782592,1491735,14.2154504300296,9.78166960183314
"Pas-de-Calais",2014,0,0,13.175,17894,15.2389451199408,12.716501533718,1497668,14.2194197896576,9.79222074010754
"Pas-de-Calais",2015,0,0,13.125,18099.2857142857,15.5907556143731,11.573531500206,1496824,14.2188560880198,9.80362775317609
"Pas-de-Calais",2016,0,0,12.5,18370,15.8662456959628,10.7974640230267,1494330,14.2171885038179,9.81847417820917
"Pas-de-Calais",2017,0,0,11.625,18610,16.1476400580231,10.4952347188042,1489983,14.2142752684606,9.8314543496363
"Puy-de-Dome",2012,1,1,8.375,20015.2380952381,12.874788608193,11.7669721778827,655498,13.3931505310752,9.90424916719594
"Puy-de-Dome",2013,1,1,8.7,20490.5555555556,13.1492956502323,12.3159154579766,658489,13.3977030953942,9.92771935436248
"Puy-de-Dome",2014,1,1,8.65,20687.2222222222,13.4719829808057,9.3297174954327,661248,13.4018842375754,9.93727150470467
"Puy-de-Dome",2015,1,1,8.95,20812.8571428571,13.7386680269873,10.3463122810247,664386,13.4066185848557,9.94332620659273
"Puy-de-Dome",2016,1,1,8.75,21005.5,13.80865692177,9.48508733969864,667365,13.4110924016108,9.9525395871764
"Puy-de-Dome",2017,1,1,8.175,21330,14.1689650690314,8.81879449348293,668301,13.412493949832,9.9678698114654
"Pyrenees-Atlantiques",2012,0,1,8.175,20147.2,14.3922221375126,12.5666666717672,682631,13.4337097290148,9.91082059990292
"Pyrenees-Atlantiques",2013,0,1,8.525,20510,14.6704396768012,11.4730236917881,685564,13.4379971361356,9.92866785106643
"Pyrenees-Atlantiques",2014,0,1,8.6,20696,14.8506266421741,9.90450387730331,688451,13.4421994254098,9.93769572386586
"Pyrenees-Atlantiques",2015,0,1,8.65,20788,15.2614937249741,11.4313159743973,690788,13.4455882539399,9.94213117612833
"Pyrenees-Atlantiques",2016,0,1,8.375,20978,15.5796908160471,8.86169364221382,694279,13.4506291759927,9.95122954852155
"Pyrenees-Atlantiques",2017,0,1,7.85,21250,15.8095201005621,9.71904761870087,695965,13.4530546506958,9.96411217435256
"Pyrenees-Orientales",2012,0,0,13.725,17522,17.7286182917969,11.7870101324003,466712,13.0534676440565,9.77121251322631
"Pyrenees-Orientales",2013,0,0,14.6,17906.6666666667,18.2488384125666,10.2235138761688,471573,13.063829194098,9.79292836196907
"Pyrenees-Orientales",2014,0,0,14.875,17999.4444444444,18.823897196038,9.3169748963684,474842,13.0707373961037,9.79809617220446
"Pyrenees-Orientales",2015,0,0,15.275,18388,18.8906148138615,10.690995161568,479421,13.080334404779,9.81945355692612
"Pyrenees-Orientales",2016,0,0,15.125,18608.125,19.0377026319973,9.16321004691601,482567,13.0868750502246,9.83135359227673
"Pyrenees-Orientales",2017,0,0,14.3,18880,19.4430229656569,9.63033905558416,482368,13.0864625872031,9.84585843969949
"Rhone",2012,0,1,8.8,20953.3333333333,14.9271302971774,14.5782078437562,1795663,14.4008848710396,9.95005302168345
"Rhone",2013,0,1,9.2,21267.1428571429,15.2655234035162,15.3534199433008,1812196,14.4100499275058,9.96491857181579
"Rhone",2014,0,1,9.175,21457,15.550991344147,11.709225876081,1833002,14.4214656179287,9.97380621144508
"Rhone",2015,0,1,9.25,21746.1904761905,15.7226676442343,13.2661187714509,1852002,14.4317777741013,9.98719387065621
"Rhone",2016,0,1,8.9,22025.2380952381,15.9501313556879,11.909411448057,1864962,14.4387512355174,9.99994426097242
"Rhone",2017,0,1,8.325,22410,16.1951478319396,11.0510604429599,1869599,14.4412345273329,10.017262566795
"Saone-et-Loire",2012,0,1,8.95,18811.3333333333,11.280515835587,12.101215179766,574111,13.2605780363972,9.84221480406431
"Saone-et-Loire",2013,0,1,9.275,19363.4782608696,11.3181530074058,13.083461764678,575097,13.2622940012042,9.87114400692824
"Saone-et-Loire",2014,0,1,9.15,19588.8888888889,11.5890744328883,9.71655799706117,574229,13.2607835504443,9.88271779104974
"Saone-et-Loire",2015,0,1,9.3,19736.6666666667,11.8636210184443,10.7221300114381,573281,13.2591312768856,9.89023343685771
"Saone-et-Loire",2016,0,1,9.075,19973.3333333333,12.1912480305085,9.41967990977376,572527,13.2578151748705,9.90215332952299
"Saone-et-Loire",2017,0,1,8.35,20230,12.5096022839639,8.7613515068575,569531,13.2525684941017,9.91492193016179
"Sarthe",2012,0,0,9.075,19102,11.3728127319063,12.0392448874871,583633,13.2770276396113,9.85754832059468
"Sarthe",2013,0,0,9.8,19586.6666666667,11.7382647323156,12.7518612101686,584865,13.2791363303519,9.88260434161971
"Sarthe",2014,0,0,9.825,19755.4545454545,12.0833019865238,9.85881414289203,583961,13.2775894787585,9.89118491171541
"Sarthe",2015,0,0,10.1,19932,12.242652648543,10.1703137534947,583151,13.2762014369424,9.9000817594013
"Sarthe",2016,0,0,9.725,20168.6666666667,12.5165193476669,9.91373304330551,582211,13.2745882039661,9.91188552398717
"Sarthe",2017,0,0,9,20490,12.7487986232567,9.29298058978676,579650,13.2701797520985,9.92769224123295
"Savoie",2012,0,1,7.625,20894.5,13.286251334007,13.9906860733561,435353,12.9839124752403,9.94724124542605
"Savoie",2013,0,1,7.975,21195.4166666667,13.2926153401435,12.9966597425549,437915,12.9897801065988,9.96154024231805
"Savoie",2014,0,1,8.15,21441.5384615385,13.491974426962,11.6331808729958,440777,12.9962943576011,9.97308536921196
"Savoie",2015,0,1,8.275,21802,13.6800813604491,13.0095356903552,441669,12.9983160117393,9.9897569876883
"Savoie",2016,0,1,7.95,22107.6923076923,13.9470432149144,11.4429937682545,442775,13.0008170193248,10.0036808951655
"Savoie",2017,0,1,7.3,22460,13.9493871286052,11.8315038162887,443787,13.0030999965775,10.0194912282924
"Seine-et-Marne",2012,0,1,7.55,21707.2222222222,15.010278613162,14.492911428942,1377102,14.1354918490415,9.98540030545639
"Seine-et-Marne",2013,0,1,8.05,22006.5,15.2931764041892,15.8533370214486,1387830,14.1432519341616,9.99909314324781
"Seine-et-Marne",2014,0,1,8.125,22191.3043478261,15.6195378528051,11.9240569371256,1400477,14.1523234508413,10.0074557950836
"Seine-et-Marne",2015,0,1,8.25,22338.6666666667,16.0432475688286,12.8540140947651,1412250,14.1606947351875,10.0140743871655
"Seine-et-Marne",2016,0,1,8.025,22578.5714285714,16.5437675448077,11.2459029986645,1419206,14.1656081182624,10.0247565685885
"Seine-et-Marne",2017,0,1,7.55,22820,16.9689509078675,10.6782230268085,1420469,14.1664976567366,10.0353926234161
"Seine-Maritime",2012,1,1,10.8,19316.5,14.1706161365416,14.335487153202,1279955,14.0623354790278,9.86871493193487
"Seine-Maritime",2013,1,1,11.425,19811.3333333333,14.4632445321655,14.8168150645363,1280410,14.0626908971067,9.89400944350202
"Seine-Maritime",2014,1,1,11.25,19978,14.7835046584243,11.6044263535254,1284107,14.0655740930933,9.9023869470921
"Seine-Maritime",2015,1,1,11.325,20153,15.015754094669,11.6180106906362,1283249,14.0649057011509,9.91110843966749
"Seine-Maritime",2016,1,1,11.325,20324,15.2483442236052,11.2232765255008,1280803,14.062997782948,9.91955773271362
"Seine-Maritime",2017,1,1,10.675,20620,15.6251902531969,10.2714958103581,1275559,14.0588950718643,9.93401675757095
"Seine-Saint-Denis",2012,0,1,12.05,16609.4444444444,21.6217789238424,17.7724489322325,1551739,14.25488679548,9.71772675499466
"Seine-Saint-Denis",2013,0,1,12.8,16744.6428571429,21.9330840061444,19.300000002595,1565222,14.2635382249313,9.72583365667257
"Seine-Saint-Denis",2014,0,1,13,16726,22.1423324586832,14.4564625941166,1582139,14.2742882869139,9.72471967394147
"Seine-Saint-Denis",2015,0,1,13.175,16761.5,22.2866429316399,15.2017006582143,1603095,14.2874466937159,9.72683986883798
"Seine-Saint-Denis",2016,0,1,12.8,16996.25,22.6724447410632,14.0738095328921,1616311,14.295656950042,9.7407480104699
"Seine-Saint-Denis",2017,0,1,12.025,17310,23.0676832642447,13.5544217622199,1630133,14.3041721645463,9.75903964817025
"Somme",2012,0,0,11.625,18345,14.1647855917633,14.5143720315682,583783,13.2772846174167,9.81711233678938
"Somme",2013,0,0,12.15,18879,14.5629338180607,15.9324849053081,584184,13.2779712806799,9.84580547219504
"Somme",2014,0,0,11.85,19059.5,14.8696024767845,12.3298367420495,583641,13.2770413467615,9.85532094391552
"Somme",2015,0,0,12,19204.6666666667,15.0488599075164,12.095372156368,584143,13.27790109485,9.86290858403821
"Somme",2016,0,0,11.95,19415,15.5831203479995,11.3382054294714,584797,13.2790200574456,9.87380124216577
"Somme",2017,0,0,11.2,19720,15.7418973331317,10.5656896872667,582464,13.275022659937,9.88938862815663
"Tarn",2012,0,0,10.55,18700.5555555556,12.9478537873687,13.0040365017644,391048,12.8765855935812,9.83630851125462
"Tarn",2013,0,0,10.925,19143.9285714286,13.3581806450616,11.7796783168508,393877,12.8837939567998,9.85974089846072
"Tarn",2014,0,0,10.95,19315,13.558301528566,9.69574698449066,396341,12.8900302308043,9.86863727510038
"Tarn",2015,0,0,11.025,19365.3333333333,13.7532715212904,10.980451595809,398190,12.8946845572884,9.87123980498601
"Tarn",2016,0,0,10.65,19593,13.9158100077301,9.48120940494862,397929,12.894028876393,9.88292763857077
"Tarn",2017,0,0,10.025,19880,14.3264402824702,9.41818745358234,398412,12.8952419247209,9.89746948021057
"Tarn-et-Garonne",2012,0,1,10.375,18398.8333333333,13.2031867245013,13.596833333515,253577,12.4434228034259,9.82004253578974
"Tarn-et-Garonne",2013,0,1,11.125,18689.0476190476,13.6782302489074,12.251047619638,256867,12.4563137201954,9.835692942439
"Tarn-et-Garonne",2014,0,1,11.15,18848.0952380952,13.9347097908399,9.99407142798106,258696,12.4634089061296,9.84416713939352
"Tarn-et-Garonne",2015,0,1,11.625,19007.3214285714,14.3459502096072,11.7031904840469,261452,12.4740059892332,9.85257952227069
"Tarn-et-Garonne",2016,0,1,11.5,19235.8333333333,14.8515657465719,9.66180952412742,263125,12.4803844834188,9.86453013805004
"Tarn-et-Garonne",2017,0,1,10.8,19560,14.9699732491951,9.98261905170622,264130,12.4841966851698,9.88124194358881
"Territoire de Belfort",2012,0,0,10.7,19704,15.3809435495096,12.5684856659394,147528,11.901773267255,9.88857693980037
"Territoire de Belfort",2013,0,0,11.7,20072,15.8120492439555,13.2043656014811,147777,11.90345965969,9.90708108804626
"Territoire de Belfort",2014,0,0,11.675,20255.3333333333,16.0348670799287,10.4742155673559,147647,11.9025795686453,9.91617341234331
"Territoire de Belfort",2015,0,0,11.55,20632.4,16.396935195916,11.0897680792607,147799,11.9036085215735,9.93461793473269
"Territoire de Belfort",2016,0,0,10.875,20931.3333333333,16.1665156202335,9.98744886015805,147347,11.9005456282708,9.94900251782254
"Territoire de Belfort",2017,0,0,9.6,21310,16.3107025636606,9.36698499838294,145640,11.8888931022894,9.96693172509266
"Val-d'Oise",2012,0,1,9.45,20547.6,17.0001088858906,15.6012329773652,1203920,14.0010934574606,9.93049942478293
"Val-d'Oise",2013,0,1,10.075,20778.3125,17.3349429609263,16.9868916475022,1211138,14.0070709714516,9.94166505346347
"Val-d'Oise",2014,0,1,10.2,20984.8,17.594941025532,12.7901362822011,1221946,14.0159552278846,9.95155364510517
"Val-d'Oise",2015,0,1,10.375,21001,17.8304872061341,13.5012329635026,1231356,14.0236265591333,9.95232533461943
"Val-d'Oise",2016,0,1,10.15,21259.3333333333,18.0796915426458,12.5715769013362,1237218,14.0283758686688,9.96455129361186
"Val-d'Oise",2017,0,1,9.6,21470,18.4776875458504,11.8620376333179,1239262,14.0300265991121,9.97441189087283
"Val-de-Marne",2012,0,1,8.225,21359.1304347826,19.248587174308,16.3056478405316,1354911,14.1192463274819,9.96923458226337
"Val-de-Marne",2013,0,1,8.725,21526,19.4658291556794,18.0033222908197,1367091,14.1281956826199,9.97701678582424
"Val-de-Marne",2014,0,1,8.9,21674.6666666667,19.575792443052,13.1378737668262,1377511,14.1357888054583,9.98389942282999
"Val-de-Marne",2015,0,1,9.025,21726.25,19.6699799908571,14.1159468172397,1384068,14.1405375469007,9.98627648587769
"Val-de-Marne",2016,0,1,8.825,21958,20.0935496821689,12.8112956740927,1389336,14.1443364931312,9.99688681679468
"Val-de-Marne",2017,0,1,8.4,22290,20.4962019072567,12.0554817427828,1397035,14.1498626916117,10.0118934263799
"Var",2012,1,0,10.5,19610.9523809524,14.6834498001272,12.5307830290672,1039603,13.8543494674706,9.8838434840974
"Var",2013,1,0,10.925,19933,14.8681505708208,11.9413927151497,1046346,13.8608146528489,9.90013192872277
"Var",2014,1,0,11.05,20118.5,15.1287332875922,10.6691870901731,1055745,13.8697572368153,9.90939506875059
"Var",2015,1,0,11.2,20507.3333333333,15.3976403063376,11.7642707739201,1065985,13.8794098123144,9.92853782473591
"Var",2016,1,0,10.9,20764.3333333333,15.7550343909859,10.9717423857434,1073201,13.8861563293259,9.94099205024407
"Var",2017,1,0,10.3,21050,16.0177391455912,10.4437388012813,1075653,13.8884384769862,9.95465583911053
"Vaucluse",2012,0,1,11.925,18007.3913043478,15.6725656459704,15.0152293190523,558623,13.2332301060101,9.79853758061301
"Vaucluse",2013,0,1,12.525,18380,15.9616754050101,14.1443918321805,562254,13.2397089840693,9.81901839590968
"Vaucluse",2014,0,1,12.625,18521.3333333333,16.1856219771257,12.0483050788507,566592,13.2473947469707,9.82667849984917
"Vaucluse",2015,0,1,12.875,18886.6666666667,16.2911874218064,13.2989780629501,569618,13.2527212397042,9.8462114847164
"Vaucluse",2016,0,1,12.725,19203.8095238095,16.5651959572458,11.8515204411085,570921,13.2550061253011,9.86286395103309
"Vaucluse",2017,0,1,11.9,19400,16.7837751386232,11.9455882404761,570762,13.2547275891382,9.87302834505142
"Vendee",2012,0,0,7.75,19184.4444444444,8.73247056338513,12.5548005551081,668554,13.4128724501227,9.86185504445329
"Vendee",2013,0,0,8.35,19632.6666666667,8.97894078512396,12.8533660517379,674843,13.4222353502082,9.88495012453767
"Vendee",2014,0,0,8.45,19853.9130434783,9.09315357708603,9.98076003420138,681469,13.4320060411898,9.89615639734146
"Vendee",2015,0,0,8.475,20073,9.35497033809207,10.8544356407453,685673,13.4381561166769,9.90713090745093
"Vendee",2016,0,0,7.925,20390,9.63692107422389,10.4626399917814,689496,13.4437161748934,9.9227998635685
"Vendee",2017,0,0,7.15,20720,9.74643833215611,9.57786585739518,693455,13.4494416283837,9.93885469637342
"Vienne",2012,0,0,8.1,19205.7142857143,12.065982320071,13.017037222269,441319,12.9975232489422,9.86296313278373
"Vienne",2013,0,0,8.35,19654,12.4927301801242,13.9135814403324,442696,13.0006385832152,9.88603615892237
"Vienne",2014,0,0,8.3,19816.1538461538,12.6732477226726,10.6798695014144,444347,13.0043610677091,9.8942527348731
"Vienne",2015,0,0,8.45,19933.5,13.0130918371895,11.6271387236656,445927,13.0079105404756,9.90015701243967
"Vienne",2016,0,0,8.325,20077.3333333333,13.2675858655409,10.6852102490541,447026,13.0103720374523,9.90734676286185
"Vienne",2017,0,0,7.575,20350,13.67369264348,10.341046395424,447150,13.0106493877743,9.92083619087074
"Vosges",2012,0,1,11.125,18403,13.319595153479,12.4074649909631,390787,12.8759179335002,9.8202689737852
"Vosges",2013,0,1,11.825,18946.0869565217,13.7377684179465,13.468263304868,388551,12.8701797143054,9.8493526961284
"Vosges",2014,0,1,11.825,19096.6666666667,14.0856034952354,10.2065126117204,386978,12.8661231228508,9.85726907873451
"Vosges",2015,0,1,11.875,19126,14.4423121521888,10.7329271784016,385043,12.8611102953449,9.85880394490949
"Vosges",2016,0,1,11.1,19383.3333333333,14.5225453499963,10.0485994439165,382328,12.8540341579128,9.8721688692787
"Vosges",2017,0,1,10.1,19660,14.8787969239562,9.2318767462124,378986,12.8452545440683,9.88634139370116
"Yonne",2012,0,0,9.5,19079.5238095238,12.8646904124337,12.2867447075902,352750,12.7735148697151,9.8563709871187
"Yonne",2013,0,0,9.975,19526,13.1054974807757,13.2325195087105,352182,12.7719033664128,9.87950218978562
"Yonne",2014,0,0,9.8,19667.5,13.4277483608669,10.0070568581223,352433,12.7726158122467,9.8867228062034
"Yonne",2015,0,0,9.925,19807.7777777778,13.8247545238166,11.3096989999514,351302,12.7694015313775,9.89382995660969
"Yonne",2016,0,0,9.6,19975.3846153846,14.2840632655742,9.66210702515499,350970,12.7684560287098,9.90225602528688
"Yonne",2017,0,0,8.8,20230,14.6758562466361,9.12251951069869,346902,12.7567975982915,9.91492193016179
"Yvelines",2012,0,1,6.825,25143.9130434783,14.0005546475088,14.1941530892056,1440274,14.1803439312294,10.1323711201306
"Yvelines",2013,0,1,7.225,25420.6666666667,14.222461328097,15.798547155041,1446301,14.1845198204811,10.1433177704683
"Yvelines",2014,0,1,7.35,25550,14.3876362459134,11.3778171529168,1449398,14.186658855775,10.1483925956319
"Yvelines",2015,0,1,7.45,25616.4,14.6644843458969,12.0903968831312,1454532,14.1901947573629,10.1509880503551
"Yvelines",2016,0,1,7.4,25824,15.0313568037437,11.2035081536951,1458275,14.1927647883057,10.1590595710697
"Yvelines",2017,0,1,7,26130,15.2122630919222,10.4912119097612,1463091,14.1960618790248,10.1708393585147
